"POLY_ID","GG_ID","PERCENT_merged"
242021,16,40
242022,11,40
242023,11,40
242024,11,60
242025,16,30
242026,11,40
242027,18,60
242028,11,50
242029,18,60
243001,11,30
243004,16,40
243005,16,60
244007,16,55
244029,18,40
244039,16,30
244040,11,40
244041,18,70
244043,18,40
244046,18,40
244047,14,60
244048,16,30
244050,14,50
244052,16,60
244053,14,90
244054,12,40
244055,16,30
244056,12,30
244058,14,30
244059,16,40
244060,24,60
244061,27,60
244062,16,60
244063,18,60
244064,16,70
244065,16,60
244066,16,80
244067,16,40
244068,16,60
244069,8,70
244070,16,70
245001,18,40
245002,16,50
245003,18,40
245004,18,70
245005,18,70
245006,16,50
249006,11,50
250002,16,40
250004,16,50
251002,11,80
251003,11,40
251004,11,30
251005,14,40
251006,11,40
251007,16,40
251008,16,40
251009,16,50
251010,16,40
251011,16,50
251012,16,40
251013,11,50
253001,16,40
253002,16,80
253003,16,50
253004,16,30
253005,16,70
253006,18,60
253007,16,60
254001,16,40
254002,11,50
254003,16,40
254004,11,50
263007,18,25
263008,4,30
263009,4,40
263023,4,60
263026,24,60
331005,18,70
331016,4,60
331021,18,40
338004,4,80
375001,16,50
375002,16,50
375003,18,92
375004,18,77
375005,18,40
375006,13,75
375007,18,83
375008,16,55
375009,18,90
375010,18,81
375011,18,90
375012,16,52
375013,13,49
375014,18,95
376001,18,40
376002,16,35
376003,18,30
376004,16,45
377001,18,35
378003,16,90
379001,18,85
379002,18,67
379003,16,45
379004,16,50
380001,4,47
380002,18,66
380003,16,35
380004,16,50
380005,13,50
380006,18,90
381002,13,40
383003,2,50
383005,2,40
401021,14,58
401023,12,65
401026,15,70
401029,22,70
401035,16,65
401046,18,70
401047,12,65
401050,18,70
401051,16,65
401055,18,70
401059,12,100
401063,18,70
401064,18,70
401066,13,80
401067,18,70
401069,18,65
401070,18,70
401071,13,65
401073,12,70
401075,12,70
401076,12,90
401077,12,100
401078,12,100
401081,18,65
401083,18,70
401086,18,70
401087,12,90
401092,16,65
401095,18,70
401096,16,65
401097,12,70
401098,12,70
401100,12,65
401102,16,70
401106,13,70
401110,16,70
401121,12,90
401125,16,70
401130,16,70
401137,16,65
401140,12,90
401141,12,70
407005,23,65
407007,23,20
408002,13,70
408006,16,40
408007,13,65
408010,12,70
408011,16,100
408012,16,25
408014,13,90
408016,4,70
408017,13,70
408018,13,30
408019,13,65
408020,13,70
408021,13,30
409008,16,20
410002,23,50
411003,13,30
411005,15,10
411006,13,65
411007,23,25
411008,15,55
411011,23,10
411012,23,25
411013,23,75
412001,23,25
413001,19,12
413002,1,54
413003,23,70
413004,23,74
413005,23,66
413006,1,43
413007,19,16
413008,4,27
413009,1,66
413010,23,19
413011,23,100
413012,15,69
413013,23,68
413014,15,40
413015,23,91
413016,15,41
413017,23,64
413018,23,87
413019,23,76
413020,15,67
413021,23,70
413022,23,50
413023,23,73
413024,23,61
413025,23,33
413026,23,35
415005,23,90
418006,23,100
418007,23,100
418008,24,70
418009,23,100
418010,23,100
418011,23,90
418012,23,90
418013,4,70
418014,13,70
418020,23,90
418021,12,70
418023,23,100
418027,23,65
418028,22,100
418030,23,100
419002,23,70
421001,21,65
421007,23,100
423021,23,100
423022,23,90
423023,23,70
423028,23,100
424002,4,70
424003,23,100
424005,23,70
424006,4,70
424007,4,70
425001,23,90
425002,23,70
425003,24,70
425006,23,70
425007,23,100
425008,23,70
425009,23,70
425011,23,100
425012,23,100
425013,23,100
425014,23,100
425016,2,70
425019,4,100
425020,4,70
425022,4,70
425023,13,70
425024,4,70
425025,23,70
425027,13,70
425028,23,100
425030,4,70
425032,1,70
425033,23,70
425034,4,70
425035,23,100
425036,24,70
425037,1,70
425038,23,100
425039,23,70
425040,1,100
425041,4,70
425042,1,70
425043,4,65
425044,23,100
425046,23,70
425049,23,90
426004,22,100
426006,23,100
426008,23,100
426013,23,100
426015,23,70
434009,18,70
438002,4,100
438003,18,90
438004,18,70
438005,21,70
438006,23,100
438015,23,70
438016,23,70
438017,18,90
438018,18,100
438020,23,90
440002,22,70
440006,23,30
440007,18,100
440009,22,100
441001,23,70
441003,23,70
441004,23,70
441006,4,65
441007,4,70
441008,4,65
441009,18,70
441010,18,100
441011,18,100
441012,23,90
441014,18,70
441016,18,70
441017,23,100
441018,18,70
441019,4,70
441020,19,70
441021,18,100
441022,14,70
441023,24,70
441024,23,90
441026,23,100
441027,21,70
441028,23,100
441029,4,65
441030,4,70
441031,4,70
441033,4,70
441034,23,70
441036,18,70
441037,4,70
441038,18,70
441039,23,100
441040,2,70
441042,23,30
453004,17,100
453005,17,55
454001,23,100
455001,23,100
455002,17,55
455003,23,100
455004,23,100
455005,23,100
455006,23,63
455007,22,66
455008,22,66
455009,22,66
455010,23,100
455011,17,66
455012,17,66
455013,17,66
455014,23,100
455015,17,66
456001,23,34
456002,23,34
456003,23,34
456004,23,40
456005,23,100
456006,23,63
456007,23,63
456008,23,34
456009,23,34
456010,23,63
457001,22,63
457002,23,100
457003,23,63
457004,22,63
457005,23,66
457006,22,60
457007,22,40
457008,23,66
458001,22,66
458002,23,66
458003,23,100
458004,23,100
458005,22,100
458006,23,100
458007,23,66
458008,22,100
458009,22,100
458010,23,34
458011,23,63
458012,23,66
458013,23,100
458014,23,100
458015,23,66
458016,17,66
458017,23,66
458018,23,34
459001,2,66
459002,2,34
459003,23,66
459004,2,66
459005,17,66
459006,23,66
459007,2,66
459008,2,66
460001,23,34
460002,4,100
460003,23,100
460004,23,66
461001,23,100
461002,23,66
461003,23,66
461004,23,100
461005,14,100
461006,23,100
461007,18,66
461008,14,100
461009,14,66
461010,23,100
461011,23,100
461012,23,66
461013,23,34
461014,23,100
461015,23,100
461016,14,100
462001,23,66
463001,23,100
463002,23,100
463003,23,100
463005,23,66
463006,22,66
463007,23,100
463008,22,66
463009,23,100
463010,23,100
463011,23,66
463012,23,34
463013,23,100
463014,23,100
463015,23,100
464001,23,100
464002,23,65
464003,23,37
464004,18,63
464005,23,100
464006,23,40
464007,23,100
464008,23,37
464010,23,40
464011,23,100
464012,23,34
464013,23,100
464015,23,34
464016,23,34
464017,23,100
464018,23,37
464019,23,100
464020,23,63
464021,18,100
464022,23,34
464023,18,100
464024,23,66
465001,22,63
465002,22,63
465003,22,100
465004,22,100
466001,17,65
466002,23,100
466003,23,54
466004,23,60
466005,23,60
466006,18,66
466007,23,39
466008,23,66
466009,23,63
466010,23,63
466011,23,100
466012,23,100
466013,18,61
466014,23,66
466015,23,66
466016,17,66
466017,23,37
466018,23,63
466019,23,100
466020,17,66
466021,23,68
466022,23,60
466023,22,100
466024,23,100
466025,17,60
466026,23,61
466027,22,66
466028,23,63
466029,23,63
466030,23,61
466031,23,100
466032,23,100
466033,23,66
466034,23,66
466035,17,66
466036,23,60
466037,22,66
466038,23,60
466039,23,100
466040,23,100
466041,23,100
466042,23,100
466043,23,60
466044,23,100
466045,23,63
466046,14,66
466047,23,63
466048,23,100
466049,22,66
466050,22,63
466051,17,66
466052,17,68
466053,23,60
466054,23,100
466055,23,66
466056,23,66
466057,23,100
466058,18,66
466059,23,63
466060,23,66
466061,23,100
466062,2,100
466063,17,66
466064,23,60
467001,23,60
467002,17,100
467003,23,60
467004,22,100
467005,14,65
467006,23,60
467007,23,65
467008,22,100
467009,22,66
467010,23,65
468001,23,68
468002,23,100
468003,23,66
468004,23,100
468005,23,66
468006,23,66
468007,17,66
468008,22,66
468009,23,68
468010,23,60
468011,22,66
468012,17,67
468013,23,66
468014,17,100
468015,23,66
468016,23,66
468017,23,100
468018,23,100
468019,14,66
468020,23,66
468021,14,66
468023,23,66
468024,22,63
468025,22,60
468026,23,100
468027,22,66
468028,22,60
468029,17,66
468030,22,66
468031,22,66
468032,4,60
468033,14,66
468034,14,66
468036,22,63
468037,22,63
468038,17,66
468039,23,100
469001,23,100
469002,22,65
469004,23,34
470001,17,60
470002,23,37
470003,23,63
470004,17,60
470005,23,60
470006,17,40
470007,23,39
470008,22,60
470009,17,34
470010,23,34
470011,22,34
470012,23,60
470013,23,34
470014,23,66
470015,22,34
470016,17,39
470017,23,60
470018,17,34
470019,23,66
470020,23,34
470021,23,66
470022,23,63
470023,23,66
470024,23,66
470025,23,34
470026,23,66
470027,23,66
470028,23,40
470029,23,61
470030,23,66
470031,23,34
470032,23,66
470033,23,34
470034,23,66
470035,23,34
470036,23,34
470037,23,34
470038,23,61
470039,23,61
471001,23,60
471002,23,66
471003,22,66
471004,22,100
471005,23,100
471006,23,66
471007,23,60
471008,22,100
471009,23,60
471010,23,60
471011,23,61
471012,23,63
471013,23,63
471014,23,66
471015,23,100
471016,4,66
471017,23,100
471018,23,100
471019,23,100
471020,23,66
471021,23,61
472001,17,66
472002,23,100
472003,18,66
472004,14,63
472005,14,60
472006,22,60
472007,17,100
472008,22,61
472009,23,55
472010,14,100
472011,22,63
472013,22,60
472014,18,69
472015,23,63
472017,23,60
472018,23,60
472019,14,100
472020,23,60
472021,2,66
472022,22,60
472023,22,34
472024,23,60
472025,22,54
472026,23,60
472027,23,65
472028,22,100
472029,22,34
472030,23,63
472031,23,60
472032,23,65
473001,23,55
473002,22,66
473003,23,55
474010,23,63
474013,23,66
474016,23,60
474018,18,60
474020,23,34
474021,23,34
474022,23,34
474024,23,34
475001,23,63
475002,22,66
475003,23,63
475004,23,100
475005,23,63
475006,23,100
475007,4,100
475008,23,65
475009,23,66
475010,23,60
475011,14,60
475012,14,66
475013,14,60
475014,23,63
475015,23,66
475016,14,100
475017,23,60
475018,23,61
475019,14,66
475020,23,60
475021,22,63
475022,14,66
475023,22,100
475024,22,100
475025,23,63
476001,23,60
477001,22,63
477002,17,66
477003,17,66
477004,23,60
478001,23,70
478013,16,70
478015,23,70
478018,23,86
479001,23,100
479002,23,70
479003,23,100
479004,23,85
479005,1,100
479006,18,70
479007,1,100
479008,4,70
479009,23,100
479010,23,100
479012,1,90
479013,23,70
479014,23,70
479015,1,70
479017,23,100
479018,13,70
479020,23,70
479021,16,70
479022,23,100
479024,23,100
479025,13,70
479026,23,100
479027,23,70
479028,23,70
479029,23,70
479030,23,30
479031,23,100
479032,23,70
479033,23,70
479034,23,70
479035,12,70
479036,17,100
479037,23,70
479038,13,65
479039,23,100
479040,23,90
481001,1,70
481003,23,100
481004,23,91
481005,23,91
481006,23,91
481007,23,100
481008,23,100
481009,23,90
481010,23,100
481011,23,90
481012,23,100
481013,23,100
482001,23,100
482002,23,70
482003,23,25
482004,23,100
482007,23,100
482008,23,100
482009,23,100
482010,23,100
482013,23,70
482014,23,70
482015,23,70
482017,14,70
482018,14,70
482019,4,70
482020,23,70
482021,14,70
482022,23,70
482023,23,100
482024,23,100
482025,24,70
482026,14,70
482027,23,70
482028,23,70
482029,23,70
482030,23,70
482031,4,70
482032,23,70
482034,13,65
483001,23,70
483002,13,70
483003,13,70
483005,23,70
483006,13,70
483007,13,70
483008,23,100
483009,13,70
483010,13,70
483011,16,70
483012,4,70
483013,23,70
483015,13,70
483016,2,70
483017,23,70
483018,13,70
483019,23,70
483021,23,70
483022,22,30
483023,16,70
483024,4,30
483025,4,70
483026,23,70
483027,4,100
483030,13,70
483031,23,70
483032,23,70
483034,23,70
483035,4,70
483036,23,70
483037,23,70
484001,16,100
484002,16,65
484004,22,50
484005,23,60
484006,23,100
484007,16,65
484008,23,100
484009,16,70
484010,16,70
484011,16,78
484012,16,85
484013,23,69
484014,23,100
484015,23,51
484016,16,100
484017,23,85
484018,13,49
484019,16,70
484020,23,100
485001,23,63
485002,23,100
485003,12,70
485004,23,75
485005,16,35
485006,22,55
485007,23,100
485008,23,40
485009,23,70
485010,23,85
485011,16,50
485012,22,55
485013,22,100
485014,23,55
485015,23,62
485016,14,35
485017,23,91
485018,22,60
485019,22,70
486001,23,100
486002,16,70
486003,16,60
486004,23,56
486005,23,80
486006,23,90
486007,22,56
486008,16,50
486009,2,49
486010,23,76
486011,23,66
486012,23,90
486013,22,63
486014,23,100
486015,22,70
486016,23,70
486017,16,56
486018,23,76
486019,22,90
486020,23,73
486021,23,80
486022,3,63
486023,3,80
486024,3,80
486025,23,90
486026,3,63
486027,16,90
486028,3,90
486029,23,100
486030,22,70
487001,23,50
487002,23,70
487003,23,50
487004,23,100
487005,23,59
487006,23,100
487007,23,73
487008,22,63
487009,23,90
487010,3,66
487011,3,61
487012,4,38
487013,23,100
487014,23,53
487015,23,54
487016,23,93
487017,23,66
487018,22,33
487019,3,63
487020,3,61
487021,23,70
487022,3,59
487023,23,66
488001,22,65
488002,23,50
488003,22,60
488004,23,72
488005,23,100
488006,23,80
488007,23,100
488008,23,70
488009,23,51
488010,23,100
488011,23,70
488012,23,100
488013,23,65
488014,23,65
488015,23,79
488016,22,73
488017,23,55
488018,23,100
489001,22,70
489002,23,90
489003,22,90
489004,22,91
489005,23,63
489006,23,70
489007,23,70
489008,23,63
489009,23,80
489010,23,80
489011,23,100
489012,23,100
489013,23,100
489014,22,90
489015,23,80
489016,14,63
489017,23,100
489018,23,63
489019,22,100
489020,23,90
489021,23,100
489022,4,40
489023,23,71
489024,23,70
489025,16,56
490001,23,63
490002,23,73
490003,23,100
490004,23,73
490005,16,71
490006,23,100
490007,23,70
490008,3,66
491001,22,100
491002,23,50
491003,23,70
491004,22,79
491005,23,90
491006,23,51
491007,22,85
491008,23,80
491009,22,60
491010,23,60
491011,23,100
491012,23,50
491013,23,50
491014,23,90
491015,23,85
491016,23,79
491017,23,90
491018,23,50
491019,23,100
491020,23,70
491021,23,90
492001,23,100
492002,23,100
492003,23,100
492004,23,90
492005,23,100
492006,23,79
492007,23,79
492008,23,70
492009,23,50
493001,4,73
493002,16,73
493003,3,56
493004,23,100
493005,3,90
493006,23,100
493007,22,100
493008,23,90
493009,3,70
493010,16,63
493011,23,100
493012,23,100
493013,13,63
493014,23,76
493015,13,70
494001,16,56
494002,13,63
494003,19,95
494004,16,73
494005,16,67
494006,13,70
494007,13,70
494008,13,71
494009,13,70
495001,22,57
495002,23,100
495003,3,56
495004,3,80
495005,23,70
495006,16,90
495007,23,100
495008,16,90
495009,23,63
495010,23,63
495011,16,100
495012,16,100
496001,23,70
496002,16,70
496003,23,100
496004,3,63
496005,25,73
496006,3,56
496007,3,90
496008,23,100
496009,16,90
496010,13,63
496011,23,90
496012,23,80
496013,25,64
496014,23,90
496015,23,72
496016,23,90
496017,23,100
496018,23,100
497001,17,68
497002,13,63
497003,23,80
497004,16,80
497005,16,81
497006,13,80
497007,16,70
497008,16,90
497009,16,80
497010,16,63
497011,13,56
497012,13,80
497013,13,80
497014,23,90
497015,16,100
497016,13,80
497017,16,90
498001,23,100
498002,23,90
498003,23,90
498004,23,70
498005,23,90
499001,4,70
499002,16,90
499003,23,90
499004,23,100
499005,23,90
499006,13,63
499007,23,90
499008,23,70
499009,23,90
499010,23,85
499011,23,100
499012,23,55
499013,23,100
499014,23,90
499015,23,56
499016,23,80
499017,23,100
499018,12,56
499019,12,56
499020,23,90
499021,16,90
500001,3,55
500002,17,80
500003,3,70
500004,3,90
500005,13,30
500006,17,96
500007,17,100
500008,3,65
500009,3,100
500010,13,70
500011,3,70
500012,17,70
500013,23,75
500014,3,50
500015,23,80
500016,3,66
500017,12,60
500018,3,90
500019,17,100
500020,17,55
500021,14,56
500022,13,63
500023,23,52
500024,3,53
500025,3,80
500026,3,100
500027,12,80
500028,12,70
500029,18,63
500030,18,56
500031,17,63
500032,17,100
500033,3,49
500034,13,70
500035,3,56
500036,3,70
500037,3,100
500038,3,100
501001,16,70
501002,16,100
501003,23,73
501004,12,49
501005,3,49
501006,12,63
501007,23,66
501008,3,66
501009,16,70
501010,16,49
501011,23,90
501012,23,50
501013,23,49
501014,12,63
501015,16,50
501016,16,100
502001,23,90
502002,23,90
502003,23,80
502004,23,100
502005,12,70
502006,12,63
502007,23,70
502008,23,80
502009,23,70
502010,23,70
502011,23,49
502012,23,76
502013,17,100
502014,23,55
502015,23,90
502016,23,70
502017,23,79
502018,23,63
502019,23,63
502020,23,70
502021,23,56
502022,23,63
502024,23,70
502025,18,100
502026,23,70
502027,23,100
502028,23,70
502029,23,70
502030,23,100
502031,16,83
502032,25,60
503001,16,73
503002,12,39
503003,12,100
503004,12,100
503005,24,55
503006,16,100
503007,23,100
503008,3,90
503009,23,71
503010,16,90
503011,16,70
503012,3,84
503013,16,66
503014,3,64
503015,16,90
503016,16,90
503017,16,56
503018,17,56
503019,12,80
503020,16,100
503021,16,63
503022,12,63
503023,18,70
503024,16,90
503025,17,90
503026,16,100
503027,17,90
503028,17,90
503029,16,100
503030,17,100
503031,16,56
503033,16,90
503034,16,70
503035,3,90
503036,16,100
503037,25,56
503038,17,100
503039,17,100
503040,25,70
503041,12,55
503042,16,70
503043,17,100
503044,16,80
504001,23,100
504002,23,50
504003,16,30
504004,3,65
504005,23,45
504006,16,55
504007,3,55
504008,3,60
504009,23,95
504010,3,70
504011,23,80
504012,16,55
504013,23,80
504014,16,60
504015,3,55
504016,16,30
504017,16,70
504018,16,55
504019,16,70
504020,16,55
504021,3,60
504022,16,60
504023,16,75
504024,3,60
504025,16,75
504026,16,80
504027,3,100
504028,3,85
504029,16,65
504030,23,75
504031,16,85
504032,12,63
504033,23,90
504034,3,85
504035,23,90
504036,3,45
504037,3,90
504038,23,79
504039,16,90
504040,3,85
504041,3,55
504042,18,77
504043,3,95
504044,23,65
504045,23,45
504046,23,50
505001,3,70
505002,16,100
505003,16,90
505004,16,70
505005,16,90
505006,16,63
505007,17,70
505008,16,100
505009,16,90
505010,25,100
505011,25,67
505012,18,62
505013,16,80
505014,13,63
505015,13,57
506001,16,80
506002,16,90
506003,13,57
506004,23,90
506005,16,90
506006,23,56
506007,3,100
506008,3,70
506009,23,81
506010,16,80
506011,23,90
506012,16,100
507001,23,85
507002,23,85
507003,23,72
507004,23,65
507005,23,80
507006,23,45
507007,23,95
507008,23,65
507009,23,73
507010,23,60
507011,23,100
507012,23,90
507013,13,91
507014,16,100
507015,23,55
507016,23,45
507017,23,95
507018,16,55
507019,23,95
507020,23,100
507021,23,60
507022,16,60
507023,23,75
507024,16,37
507025,13,39
507026,23,63
507027,25,70
507028,23,100
507029,23,100
507030,16,25
507031,23,100
507032,3,85
507033,14,90
507034,3,65
507035,12,65
507036,23,100
507037,23,100
507038,23,70
508001,23,100
508002,23,90
508003,23,80
508004,23,70
508005,23,90
508006,23,76
508007,23,90
508008,23,63
508009,14,70
508010,23,90
508011,23,80
508012,23,90
508013,23,90
508014,23,90
508015,23,90
508016,23,80
508017,23,100
509001,22,65
509002,23,75
509003,16,55
509004,22,60
510001,23,90
510002,23,95
510003,23,40
510004,23,95
510005,23,85
510006,23,80
510007,23,100
510008,23,65
510009,23,85
510010,23,85
510011,23,90
510013,23,85
511001,23,85
511004,23,15
511005,23,10
511006,23,100
512001,23,95
512002,23,95
512003,23,95
512004,23,90
513001,23,100
513002,23,90
513003,23,100
513004,23,95
513005,23,95
513006,23,85
513007,23,90
513008,23,80
513009,23,90
513010,14,50
513011,23,90
513012,23,85
513013,23,75
514001,23,90
514002,23,80
514003,23,60
514004,23,90
514005,23,85
514006,23,90
514007,23,70
514008,23,90
515001,23,90
515002,23,80
515003,23,80
515004,23,80
516001,23,90
516002,23,90
516003,14,60
516004,23,100
516005,23,80
516006,23,65
516007,23,100
516008,23,60
516009,14,55
516010,23,80
516011,23,85
516012,23,100
516013,16,75
516014,23,90
516015,16,55
516016,23,95
516017,23,90
516018,23,100
516019,23,95
516020,23,10
516021,23,75
516022,23,90
516023,23,75
516024,18,5
516025,23,100
516026,23,80
516027,23,90
516028,23,95
516030,23,80
516031,23,85
516032,23,65
516033,23,75
516034,23,95
516035,24,100
516036,23,85
516037,23,90
516038,23,85
516039,23,90
516040,23,85
516041,23,90
516042,23,90
516043,23,80
516044,23,90
516045,23,90
516046,23,90
516047,23,70
516048,23,80
516049,18,5
516050,23,65
516051,23,70
516052,23,95
516053,22,65
516055,23,90
516056,23,92
516057,23,95
516058,22,70
516059,23,75
516060,14,35
516061,23,88
516062,22,60
516063,23,85
516064,23,90
516065,23,45
516066,14,75
516067,23,70
516068,23,70
516069,14,50
516070,14,70
516071,14,50
516072,23,85
516073,22,75
516074,14,65
517001,23,90
517002,23,90
517003,16,70
517004,13,35
517005,3,50
517006,13,30
517007,3,90
517008,16,50
517009,23,60
517010,16,75
517011,12,75
517012,23,70
517013,23,80
517014,23,85
517015,16,50
517016,23,100
518001,23,80
518002,14,15
518003,23,90
518004,23,95
518005,23,70
518006,23,95
518007,16,20
518008,23,95
518009,23,35
518010,23,80
518011,23,90
518012,23,95
518013,23,100
518014,16,90
518015,23,95
518016,23,40
518017,23,100
518018,23,85
519001,23,90
519002,23,90
519003,23,78
519004,23,85
519005,23,25
519006,23,65
519007,23,75
519008,23,35
519009,23,90
519010,23,80
519011,23,20
519012,23,95
519013,23,92
519014,23,90
519015,23,100
519016,23,88
519017,23,100
519018,23,80
519019,23,90
519020,23,85
519021,23,85
519022,23,20
519023,23,95
519024,23,20
520001,23,95
520002,23,95
520003,23,95
520004,23,75
520005,23,100
520006,23,95
520007,23,95
521001,23,95
521002,23,80
521003,23,95
521004,23,90
521005,23,90
521006,23,85
521007,23,100
521008,23,80
521009,23,80
522001,23,65
522002,23,70
522003,16,35
522004,23,95
522005,16,50
522006,23,95
522007,16,70
522008,23,90
522009,23,92
522010,16,95
522011,23,90
522012,23,80
522013,23,75
522014,16,75
522015,23,95
522016,12,60
522017,23,100
522018,16,45
522019,23,45
522020,23,75
522021,16,65
522022,23,100
522023,23,75
523001,16,95
523002,14,60
523003,23,95
523004,14,75
523005,23,95
523006,23,95
523007,23,90
523008,23,100
523009,23,92
523010,23,100
523011,23,85
523012,23,85
523013,23,95
523014,3,90
523015,23,85
523016,3,45
523017,23,95
523018,23,80
523019,23,65
523020,23,75
523021,23,55
523022,23,95
523023,23,100
523024,16,75
523025,16,60
523026,3,95
523027,16,50
523028,23,100
523029,3,50
523030,23,95
523031,23,90
523032,23,60
523033,23,85
523034,12,70
523035,12,45
523036,12,80
523037,23,95
523038,23,85
523039,16,65
523040,23,95
524001,23,95
524002,23,90
524003,23,95
524004,23,90
524005,14,85
525001,23,85
525002,23,95
525003,16,45
525004,23,90
525005,23,85
525006,3,65
525007,16,70
525008,23,95
525009,23,95
525010,25,85
525011,23,75
526001,23,95
527001,23,95
527002,23,95
527003,23,90
527004,23,90
527005,23,95
527006,23,50
527007,23,90
527008,23,95
527009,23,72
527010,23,65
527011,23,60
528001,23,85
528002,23,60
528003,23,90
528004,23,85
528005,3,70
528006,23,95
528007,16,65
528008,23,70
528009,16,75
528010,23,50
528011,3,40
528012,3,80
528013,23,90
528014,23,45
529001,23,90
529002,23,95
529003,23,95
529004,23,95
529005,23,75
529006,23,95
529007,23,100
529008,23,95
529009,23,95
529010,23,95
530001,23,85
530002,23,95
530003,23,65
530004,23,90
530005,23,65
530006,23,55
530007,23,60
531001,23,95
531002,23,90
531003,23,100
531004,23,95
531005,23,95
531006,23,100
531007,23,80
531008,23,100
531009,23,95
531010,23,90
531011,23,90
531012,23,100
531013,23,80
531014,23,100
531015,23,35
531016,23,85
531017,23,93
531018,16,40
531019,23,55
531020,23,85
531021,23,75
531022,23,45
532001,23,35
533001,22,30
534001,23,80
534002,23,70
534003,16,50
534004,23,40
534005,14,50
534008,14,10
534009,14,40
534010,23,50
535001,23,80
536001,23,80
536002,23,60
536003,23,70
536004,23,90
536005,23,100
536006,23,30
536007,23,30
536008,23,80
536009,23,40
536010,23,70
536011,23,40
536012,23,50
536013,23,80
536014,23,80
536015,23,80
536016,16,50
537001,3,60
537002,23,80
537003,23,60
537004,23,100
537005,23,60
538001,23,100
539001,24,100
539002,21,70
539003,24,100
539004,23,65
539005,23,65
539006,24,70
539007,24,100
539008,4,65
540001,13,70
540002,17,100
540003,23,70
540004,23,100
540005,13,70
540006,14,70
540007,23,70
540008,23,70
540009,23,70
540010,18,70
540011,13,70
540012,23,70
540014,23,70
540015,23,70
540016,4,70
540017,13,70
540018,23,70
540019,13,100
540020,13,70
540021,1,70
540022,23,90
540023,18,70
540024,4,70
540025,21,70
540027,23,100
540028,23,100
540029,13,70
540030,13,65
540031,13,70
540032,18,70
540033,23,100
540034,18,70
540035,23,65
540036,23,70
540037,23,70
540038,17,70
540039,18,70
540040,23,100
540041,13,70
540042,13,70
540043,23,70
540044,13,100
540045,13,65
540046,23,100
540047,23,90
540048,23,100
540049,18,70
540050,14,70
540051,23,100
540052,13,70
540053,4,70
540054,23,70
540055,13,100
540056,13,65
540057,13,100
540058,13,100
540059,13,100
540060,14,70
540061,23,90
540062,19,100
540063,13,100
540064,13,65
540065,23,100
540066,13,70
540067,13,65
540068,13,100
540069,14,70
540070,13,65
540071,14,70
540072,13,100
540073,23,70
540074,23,65
540075,13,70
540076,4,70
540077,14,70
540078,13,70
540079,18,100
540080,2,65
540081,14,70
540082,13,65
540083,13,70
540084,22,70
540085,4,70
540086,13,70
540087,23,100
540088,4,70
540089,23,100
540090,23,30
540091,23,100
540092,13,90
540093,4,70
540094,23,70
540095,23,70
540096,23,65
540097,4,70
540098,13,70
540099,4,70
540100,14,70
540101,4,100
540102,23,70
540103,4,65
540104,4,70
540105,14,70
540106,19,70
540107,23,70
540109,23,70
540110,13,70
540111,13,65
540112,23,70
540113,23,100
540114,4,70
540115,23,100
540116,23,70
541001,4,70
541002,23,100
541003,13,100
541004,23,90
541005,23,65
541006,23,70
541007,13,70
541008,23,100
541009,23,70
541010,13,100
541011,13,70
541012,13,70
541013,13,100
541014,23,100
541015,23,100
541016,13,70
541017,1,100
541018,14,70
541019,1,100
541020,13,100
541021,23,30
541023,23,30
541024,23,70
541025,23,70
541026,13,70
541027,23,30
541028,1,100
541029,1,70
541030,13,90
541031,13,100
541032,1,100
541033,13,70
541034,4,70
541035,4,70
541036,1,70
541037,1,100
541038,13,70
541039,13,70
541040,14,70
541041,13,70
541042,13,70
541043,13,100
541044,14,65
541045,13,79
541046,4,70
541047,13,70
541048,13,70
541049,13,100
541050,13,100
541051,19,70
541052,19,70
541053,19,70
541054,1,100
541055,2,70
541056,1,100
541057,13,60
541058,13,70
541059,1,70
541060,13,100
541061,23,70
541062,18,70
541063,13,70
541064,1,100
541065,14,100
541066,13,70
541067,4,30
541068,23,70
541069,1,70
542001,16,47
542002,23,85
542003,16,42
542004,16,77
543001,13,73
543002,13,70
543003,1,60
543004,23,100
543005,1,48
543006,19,77
543007,13,70
543008,13,74
543009,13,64
543010,13,54
543011,19,96
543012,13,53
544001,1,41
544002,1,73
544003,13,68
544004,1,75
544005,19,89
544006,1,84
544007,13,49
544008,1,66
544009,1,78
544010,13,53
544011,13,52
544012,1,33
545001,13,41
545002,1,54
545003,3,51
545004,1,85
545005,13,54
545006,13,76
546001,13,48
546002,13,58
546003,13,82
546004,1,43
546005,1,69
546006,1,85
546007,1,67
547001,16,37
547002,1,68
547003,13,40
547004,19,46
547005,1,43
547006,1,56
547007,1,50
547008,1,77
547009,1,89
547010,1,71
547011,1,57
548001,18,70
549001,13,13
549002,15,30
549003,13,46
549004,23,38
550001,23,70
550003,1,70
550004,1,35
550006,1,75
550008,1,50
550010,15,85
550012,16,70
550014,16,40
550015,1,85
550016,1,89
550017,1,80
550018,1,50
550019,13,40
550021,16,30
550025,13,71
550026,1,58
550027,15,51
550028,15,62
551001,15,52
551002,15,87
551005,15,57
551007,13,63
551008,15,94
551009,15,84
551010,15,55
551011,15,73
551012,15,77
551013,1,77
551014,15,84
551015,15,49
551016,1,70
551017,1,47
551018,1,71
551019,13,48
551020,15,77
551021,15,80
551022,1,87
551023,15,65
551024,19,90
551025,13,48
551026,1,61
551027,15,62
551028,1,78
551029,15,89
552001,1,85
552002,15,49
552003,1,84
552004,1,64
552005,1,33
552006,1,72
552007,1,78
552008,1,86
552009,12,30
552010,1,81
552011,1,77
552012,1,59
553001,15,84
553002,13,35
553003,15,64
553004,15,52
553005,15,51
553006,1,37
553007,15,77
553008,15,53
553009,1,86
553010,15,59
553011,1,48
553012,15,90
553013,15,94
553014,15,39
553015,15,94
553016,15,83
553017,15,84
553018,15,70
553019,15,88
553020,15,87
553021,15,70
553022,15,80
553023,15,50
553024,15,69
553025,15,97
553026,15,80
553027,15,64
553028,1,70
554001,1,73
554002,15,50
555001,1,70
555002,1,84
555003,13,64
555004,13,67
555005,13,55
555006,1,47
555007,1,82
555008,15,65
555009,1,52
555010,1,92
555011,1,49
555012,15,74
555013,15,33
555014,13,36
555015,15,47
555016,15,72
555017,1,41
556001,1,79
556002,1,77
556003,15,84
556004,15,78
556005,15,82
556006,15,76
556007,15,91
556008,15,41
556009,1,46
556010,15,90
556011,15,74
556012,15,78
556013,15,85
556014,15,79
556015,15,79
556016,15,90
557001,15,80
557002,15,69
557003,13,56
557004,15,87
557005,15,83
557006,15,87
557007,13,60
557008,15,75
557009,15,96
558001,15,77
558002,15,80
558003,19,74
558004,15,79
558005,15,88
558006,15,91
558007,15,78
558008,15,90
558009,15,88
558010,13,70
558011,13,50
559001,19,66
560001,15,90
560002,15,75
560003,15,73
560004,15,74
560005,15,71
560006,15,75
560007,15,95
561001,15,91
561002,15,63
562001,15,85
562002,15,91
562003,15,87
563001,15,100
564001,15,90
564002,15,78
564003,15,100
564004,1,42
564005,15,73
564006,15,85
564007,15,89
564008,15,37
564009,15,70
564010,15,81
564011,15,58
564012,15,79
564013,13,64
565001,13,54
565002,15,47
565003,13,80
565004,15,89
565005,15,66
565006,15,80
565007,15,63
565008,15,68
565009,15,70
565010,15,79
565011,15,67
565012,15,90
565013,15,76
565014,15,71
565015,15,72
565016,15,77
565017,15,85
565018,15,77
565019,15,53
565020,15,75
565021,13,50
565022,13,50
565023,15,82
565024,15,65
565025,15,87
566001,15,63
566002,15,45
566003,13,46
566004,15,52
567001,15,76
567002,15,92
567003,15,87
567004,15,100
567005,15,100
567006,15,68
567007,15,70
567008,15,87
568001,15,82
568002,15,86
568003,15,80
568004,15,90
568005,15,79
568006,15,100
568007,15,59
568008,15,80
568009,15,74
568010,15,65
568011,15,62
569001,13,47
569002,15,70
569003,15,64
569004,15,59
569005,13,80
569006,15,60
569007,13,53
569008,13,59
569009,13,44
569010,15,87
570001,13,95
570002,13,76
570003,13,80
570004,13,95
570005,19,95
570006,13,75
570007,13,90
570008,13,80
570009,13,100
570010,15,83
571001,15,70
571002,19,87
571003,15,49
571004,24,63
572001,15,80
572002,15,85
572003,15,90
572004,15,85
572005,19,73
572006,15,100
572007,13,80
574015,14,40
574016,4,40
574017,14,50
574018,14,40
574019,18,40
576003,4,40
576004,18,40
576005,16,40
576006,4,70
576007,4,40
576008,18,50
576009,18,50
576010,4,50
576011,24,60
576012,4,60
577001,24,70
577002,24,70
578001,4,60
578002,18,60
578003,18,80
579001,4,70
579002,4,70
579003,4,60
579004,24,50
579005,4,60
579006,4,70
580001,16,50
580002,14,80
580003,14,40
581002,18,60
581004,16,50
581005,24,100
581006,18,60
581007,18,60
581008,18,60
581009,16,50
581010,18,60
581011,12,60
581012,16,60
582002,16,60
582004,16,70
582005,18,70
582007,16,70
583001,16,70
583002,16,70
583003,16,70
583004,16,80
583005,16,80
583006,16,80
583007,16,60
583008,16,80
583009,16,50
583010,12,60
583011,16,70
583012,16,60
583013,16,65
583014,16,80
583015,16,70
583016,16,60
583017,18,100
583018,16,70
583019,16,54
584001,16,60
584002,16,60
584003,16,70
585002,16,90
585003,16,100
585004,24,100
585005,16,40
585006,16,50
585007,16,90
585008,16,90
585009,12,65
585010,16,80
585011,16,60
585012,16,80
585013,16,90
585015,16,55
585018,18,40
585020,16,85
585021,16,45
585023,16,80
585024,16,65
585025,16,75
585026,16,35
585027,16,50
586001,27,60
586002,16,60
586003,16,70
586004,16,85
586005,16,75
586006,12,30
586007,27,60
586008,14,70
586009,14,50
586010,24,60
586011,13,50
586012,16,70
586013,16,70
586014,16,50
586015,16,50
586016,16,60
587001,16,70
587002,2,70
587003,16,90
587004,25,50
587005,2,70
587006,16,90
588001,16,60
588002,16,60
588003,16,70
588004,16,90
588005,16,80
588006,16,60
588007,24,80
588008,24,90
588009,16,85
588010,8,60
588011,16,70
588012,16,70
588013,16,80
588014,16,90
589001,16,50
589002,16,80
589003,16,80
589004,18,50
589005,16,60
590001,16,60
590002,16,70
590003,16,70
590004,16,80
590005,16,70
590006,16,85
591001,16,60
591002,16,50
591003,24,100
591004,28,40
591005,28,60
591006,16,50
591007,16,80
591008,24,85
591009,16,55
591010,12,60
591012,16,55
591013,16,85
591014,13,60
591015,16,90
591016,16,60
591017,16,45
591018,16,75
591019,16,83
591020,16,42
591021,18,70
591022,16,75
591023,16,75
591024,16,90
591025,16,70
591026,24,88
591027,16,60
591028,24,75
591029,16,85
591030,16,75
591031,16,90
591032,16,100
591033,16,45
591034,16,90
591035,16,90
591036,2,50
591037,16,85
591038,24,70
591039,16,65
591040,16,42
591041,16,70
591042,16,60
591043,8,38
591044,16,80
591045,16,80
591046,28,60
591047,16,70
591048,16,80
591049,16,40
592001,16,60
592002,16,80
592003,16,85
592004,16,70
592005,16,50
592006,16,80
592007,16,80
592008,13,60
592009,27,50
592010,13,50
592011,13,50
593001,8,50
593002,16,50
593003,16,95
593004,16,100
593005,16,80
594001,16,80
594002,16,90
594003,16,80
594004,16,95
594005,16,80
595001,8,60
595002,24,90
595003,16,50
596001,24,90
596002,16,70
596003,16,70
596004,16,90
596005,16,90
596006,16,90
596007,24,70
596008,16,80
596009,2,40
596010,16,50
597001,24,90
597002,16,90
597003,16,70
597004,16,60
597005,16,70
598001,16,80
598002,16,40
598003,16,100
598004,16,90
598005,16,80
599001,7,60
599002,26,50
599003,16,50
600001,24,70
600002,16,40
600003,2,50
600004,16,70
600005,2,50
601001,16,80
601002,16,80
601003,16,60
601004,16,70
601005,16,50
601006,2,40
601007,16,60
602001,16,70
603001,16,60
604001,16,50
604002,18,50
604003,16,50
604004,16,70
605001,16,80
605002,16,80
605003,16,50
605004,16,70
605005,4,40
605006,16,60
606001,16,40
606002,11,40
606003,11,40
606004,11,40
606005,11,40
607001,7,70
607002,16,40
607003,16,40
607004,18,70
607005,16,40
607006,18,80
607007,16,40
607008,16,40
607009,16,60
607010,16,60
607011,16,60
607012,16,50
607013,18,80
607014,16,50
607015,16,60
607016,16,60
607017,16,40
608001,27,50
608002,16,40
608003,18,60
608004,18,60
608005,18,60
608006,16,40
608007,12,40
609001,7,70
609002,18,60
609003,18,50
609004,18,60
609005,18,60
609006,18,70
609007,18,60
609008,18,60
609009,18,50
610001,16,80
610002,16,75
610003,16,84
610004,2,50
610005,16,70
610006,16,50
610007,16,80
610008,16,90
610009,16,70
610010,16,60
610011,16,40
610012,16,80
610013,2,50
610014,13,40
610015,16,60
610016,16,70
610017,16,50
610018,16,85
610019,16,70
610020,13,50
610021,12,50
611001,16,40
611002,16,90
611003,16,90
611004,16,80
612001,16,60
612002,18,70
612003,16,40
612004,16,60
612005,16,70
612006,13,60
612007,16,60
612008,16,70
612009,13,30
613001,16,40
613002,16,40
613003,18,70
614001,16,60
614002,2,40
614003,2,40
615001,16,70
615002,16,60
615003,18,40
615004,16,80
615005,24,100
615006,16,70
615007,18,50
615008,16,70
615009,16,40
615010,16,70
615011,16,60
615012,16,80
615013,16,85
616001,2,40
616002,18,40
616003,16,70
616004,16,50
616005,4,40
616006,13,60
616007,16,60
617001,16,90
617002,16,80
617003,16,70
617004,16,60
618001,16,70
618002,16,60
618003,16,70
618004,16,70
618005,16,45
618006,16,80
618007,16,45
618008,16,65
618009,16,80
618010,16,90
618011,16,35
618012,16,60
618013,16,76
618014,16,70
618015,16,70
618016,16,100
618017,16,60
618018,16,60
618019,16,78
618021,16,70
618025,2,60
618029,2,50
618030,16,50
618031,16,40
618032,16,40
618033,16,40
618034,16,70
618035,12,50
618036,16,60
618037,16,80
618038,16,80
618039,16,60
618040,16,40
618041,16,60
618042,16,40
618043,2,60
618044,16,60
619001,16,80
619002,16,40
619003,16,50
619004,16,70
619005,16,60
619006,16,50
619007,16,70
619008,16,70
619009,16,80
619010,16,60
620001,16,70
620002,16,60
621001,16,60
621002,16,70
621003,16,40
621004,16,70
621005,16,50
621006,16,90
621007,14,50
621008,16,60
621009,16,50
621010,16,70
621011,16,80
621012,16,60
621013,16,80
621014,16,80
622001,16,80
622002,16,45
622003,16,80
622004,16,80
623001,16,60
623002,16,70
623003,18,40
623004,16,60
623005,18,40
623006,18,70
623007,16,70
623008,16,60
623009,16,80
623010,18,70
623011,16,80
623012,16,80
623013,18,40
623014,18,40
623015,16,70
623016,16,60
623017,16,70
623018,16,60
624001,16,95
624002,16,80
624003,16,80
624004,16,90
625001,16,80
625002,16,70
625003,16,50
625004,16,50
625005,16,90
625006,16,70
625007,25,60
625008,16,50
625009,16,50
625010,16,40
625011,16,80
626001,16,70
626002,16,40
626003,16,80
626004,18,70
626005,16,80
626006,16,70
626007,16,50
626008,16,70
626009,16,80
627001,16,80
627002,16,70
627003,16,50
627004,16,70
627005,16,70
627006,16,90
628001,16,80
628002,16,80
628003,16,70
628004,16,40
628005,16,60
628006,16,80
628007,16,80
628008,16,90
628009,16,60
629001,16,80
629002,16,90
629003,16,90
629004,16,70
629005,16,90
629006,16,70
629007,16,85
629008,16,90
630001,16,70
630002,16,70
630003,16,80
630004,16,80
631001,16,50
631002,16,50
632001,18,70
632002,4,30
632003,4,60
632004,18,60
632005,4,80
632006,4,70
632007,4,60
632008,18,60
632009,2,40
632010,24,60
632011,14,40
633001,4,70
633003,4,70
633011,18,70
633016,4,60
633021,4,90
633025,4,80
634001,14,40
634002,18,70
634003,4,80
635001,16,50
635002,18,70
635003,7,80
635004,18,70
637001,7,80
637002,18,50
637003,18,50
637004,16,80
637005,24,50
637006,4,70
637008,4,50
637009,4,70
637016,4,70
637018,18,70
638001,14,40
638002,16,70
638003,16,70
638004,16,60
638005,16,80
638006,16,80
638007,18,70
638008,16,50
638009,16,40
638010,16,80
638011,18,80
639001,18,70
641001,16,60
641002,4,50
641006,18,80
641010,4,40
644001,18,50
644002,18,80
644005,16,40
647012,16,38
650001,16,80
650002,16,90
650003,16,40
650004,16,85
650005,16,40
650006,16,70
650008,16,90
652003,16,89
652004,16,52
652005,16,69
657012,16,92
657013,16,74
657015,18,55
657016,16,76
658014,16,42
659009,2,44
660005,16,67
660006,16,58
660008,16,76
660009,16,67
660010,16,87
661008,16,57
661011,16,83
661013,16,91
661015,16,97
662020,17,43
669003,14,50
669009,18,45
672004,17,45
672005,8,76
672006,17,85
672009,17,83
672010,17,49
672011,8,83
672012,17,77
677002,17,40
678001,16,80
678002,16,85
678003,4,50
678004,24,100
678005,18,70
678006,16,80
678007,16,80
678008,16,50
678009,16,90
678010,24,55
678011,16,70
678012,16,70
679001,16,85
680001,16,70
680002,16,90
680003,2,80
680004,16,70
680005,7,60
680006,16,49
680007,16,86
680008,16,72
680009,16,67
680010,24,70
680011,16,87
680012,16,81
680013,16,30
680014,16,65
680015,16,89
681001,16,90
681002,8,60
681003,13,100
681004,16,80
681005,8,50
681006,13,40
682002,2,28
682006,16,100
682008,13,95
682009,16,35
682010,16,77
682012,2,64
682014,2,46
683001,7,80
683002,7,55
683003,8,40
684001,16,40
684002,16,85
684003,16,90
684004,16,85
684005,16,75
684006,16,85
684007,16,70
684008,16,85
684009,16,90
684010,24,50
684011,16,90
684012,24,90
685001,16,51
685002,16,60
685003,16,68
685004,16,85
685005,18,34
686001,16,80
686002,16,79
686003,16,74
686004,16,87
686005,16,69
686006,16,90
687001,7,40
687002,7,40
687003,24,62
687004,7,46
687005,8,58
687006,7,71
687007,7,66
687008,16,87
687009,8,100
687010,8,60
687011,8,46
687012,8,65
688001,16,70
688002,24,80
688003,16,80
688004,8,50
689001,16,81
689002,16,63
689003,8,40
689004,8,61
689007,8,80
689009,8,79
689011,16,78
689012,16,71
689013,8,74
690004,16,25
690006,2,63
690007,16,84
690008,16,73
690009,8,57
690010,8,72
690011,7,77
690012,8,68
690013,8,86
690014,8,50
691003,2,45
691004,2,60
691006,17,70
691009,8,44
691012,17,33
692001,16,60
692002,16,65
692003,16,80
692004,24,70
692005,24,70
692006,16,85
692007,16,85
692008,16,80
692009,16,70
692010,16,70
693001,16,61
693003,8,86
693004,8,45
693005,8,47
693006,8,36
693007,16,71
693009,16,83
693010,8,96
693011,16,51
693012,16,55
694001,8,84
694002,8,67
694003,17,70
694004,8,84
694005,8,50
695001,7,77
695002,16,16
695003,8,54
695004,7,61
696001,8,64
696002,8,85
696003,8,41
696004,7,51
696005,8,66
696006,8,86
696007,2,32
696008,7,67
696009,8,45
696010,7,54
696011,16,31
696012,7,74
696013,7,82
696014,8,63
696015,8,74
697004,8,75
697005,8,75
698001,8,58
698002,2,32
698003,16,42
698004,2,81
698005,8,43
698006,2,65
698007,16,35
698008,16,92
698009,8,39
698010,8,39
698011,2,44
698012,8,38
699001,16,74
699002,16,71
700002,16,73
700003,16,80
700005,16,77
700006,16,43
700007,17,100
700008,16,58
701001,2,39
701002,2,58
701003,18,10
701004,24,42
701005,7,94
701006,25,38
701007,8,59
701008,7,49
701009,7,85
701010,7,84
702001,7,48
702002,7,65
702003,7,86
702004,7,76
702005,7,60
702006,8,54
702007,7,45
702008,8,55
702009,7,91
702010,7,72
702011,7,91
703001,16,80
703002,16,85
703003,16,95
703004,16,55
703005,8,70
703006,16,85
703007,16,95
704002,16,45
704003,8,67
704004,8,79
704005,8,80
704006,8,67
705001,8,68
705002,7,86
705003,8,52
705004,7,89
705005,8,45
705006,7,48
705007,7,58
705008,16,38
706001,8,56
706002,16,39
706003,16,46
706004,16,72
706005,8,76
706006,16,41
706007,16,47
706008,16,37
707001,16,70
707002,8,52
707003,8,42
707004,16,69
707005,16,52
707006,16,65
707007,8,57
707008,7,63
707009,7,61
707010,8,69
707011,16,82
708001,16,50
708002,16,50
708003,16,90
708004,8,80
708005,16,80
708006,16,90
709001,8,80
709002,8,77
709003,8,100
709004,7,91
709005,7,74
709006,8,87
709007,7,65
709008,8,26
709009,8,87
709010,16,52
709011,8,56
709012,7,85
709013,7,82
709014,8,76
709015,8,56
709016,7,11
709017,8,45
709018,8,66
709019,7,88
709020,24,55
709021,8,77
710001,16,73
710002,16,88
710003,16,90
710004,16,64
710005,16,78
710006,16,57
710007,16,67
710008,16,87
710009,16,78
711001,16,66
711002,16,79
711006,16,83
711007,16,92
712003,17,50
712006,16,61
714001,16,87
714002,16,54
714003,16,63
714004,16,73
714005,16,26
714007,16,62
714008,16,50
714009,16,67
714010,16,46
714011,8,79
714012,17,89
714013,16,80
714014,16,60
714015,16,79
714016,17,52
714017,16,61
714018,16,77
714019,16,66
715001,16,79
715002,16,56
715003,16,55
715004,16,78
715005,24,55
715006,16,58
716001,8,38
716002,16,38
716003,16,65
717001,24,29
717002,2,37
717003,18,52
717004,18,38
717005,13,50
717006,13,43
717007,16,34
717010,18,55
717011,8,31
717012,8,39
717013,7,63
717014,7,68
717015,7,72
718001,2,35
718004,18,30
720001,8,40
723002,2,45
723003,18,30
723004,8,40
723005,2,30
723006,8,35
723007,2,42
723008,13,40
723009,14,45
723010,13,75
723011,8,49
724002,8,30
724003,2,40
724004,18,58
724005,13,50
724006,13,32
724007,13,53
724008,7,30
724009,8,58
724010,14,75
724011,8,50
724012,8,71
726001,8,62
726002,8,64
726003,13,44
726004,13,73
726005,7,60
727001,27,40
727002,7,80
727003,7,90
727004,8,90
727005,24,70
727006,7,90
727007,16,80
727008,8,90
727009,7,60
727010,7,50
727011,7,90
727012,7,70
727013,7,60
727014,7,80
728001,7,70
728002,7,95
728003,7,40
728004,8,60
728005,7,70
728006,7,90
729001,7,45
729002,7,80
729003,7,90
729004,7,83
729005,7,95
729006,7,90
729007,7,73
729008,25,8
729009,7,95
729010,7,88
729011,24,23
729012,7,95
729013,7,97
729014,7,95
729015,7,84
729016,7,61
729017,7,94
729018,7,90
729019,7,94
729020,7,96
729021,16,47
729022,7,94
729023,7,95
729024,7,67
730001,7,70
730002,7,90
730003,7,90
730004,7,95
730005,7,90
730006,7,90
730007,7,95
730008,24,70
730009,7,90
730010,7,95
730011,7,90
731001,27,70
731002,27,60
731003,27,60
731004,27,90
731005,27,70
731006,24,70
731007,7,95
731008,27,70
731009,7,70
731010,7,70
731011,27,55
731012,7,70
731013,27,70
731014,27,90
731015,7,80
731016,6,50
732001,16,85
733001,7,68
733002,7,84
733003,7,48
733004,7,60
733005,7,81
733006,7,87
733007,7,90
733008,7,90
733009,7,92
733010,7,75
733011,7,92
733012,7,80
734001,25,40
734002,24,34
734003,7,58
734004,7,61
735001,7,97
735002,7,81
735003,7,72
735005,7,86
735006,7,92
735007,7,90
735008,7,100
736001,7,76
736002,7,92
736004,7,91
736005,7,95
736006,7,94
736007,7,89
736008,7,90
736009,7,90
736010,7,98
736011,7,94
736012,7,93
737001,7,90
737002,7,90
737003,7,90
737004,7,90
737005,7,90
738001,7,90
738002,7,90
738003,7,90
738004,7,80
738005,24,70
738006,6,80
738007,6,80
739001,6,95
739002,6,90
739003,25,54
739004,6,71
739005,6,72
740001,7,75
740002,7,80
740003,7,90
740004,24,100
740005,7,90
740006,7,80
740007,7,80
740008,24,100
740009,6,75
741001,7,92
741002,7,82
741003,7,94
741004,7,91
741005,7,88
741006,7,91
741007,7,90
741008,13,18
741009,7,89
741010,7,85
741011,7,87
741012,7,90
742001,7,95
742002,7,97
742003,24,92
743001,6,89
743002,6,95
743003,6,92
744001,7,85
744002,7,95
744003,24,100
744004,7,95
744005,7,60
745001,7,91
745002,7,86
745003,7,89
745004,7,80
745005,7,87
745006,7,86
745007,7,77
745008,7,85
745009,7,97
745010,7,88
745011,7,70
745012,7,84
745013,7,76
745014,7,85
745015,7,84
745016,7,86
746001,7,85
746002,7,90
747001,7,80
747002,7,88
747003,7,75
747004,7,93
747005,7,79
748001,7,80
748002,7,87
748003,7,63
748004,16,48
748005,7,85
748006,7,86
748007,8,54
748008,7,76
748009,8,59
748010,8,69
748011,16,80
748012,7,85
748013,16,50
748014,7,68
748015,7,86
748016,7,65
748017,7,84
749001,7,78
749002,7,87
749003,7,80
749004,7,87
749005,7,73
749006,7,89
749007,7,81
749008,7,87
749009,7,90
749010,7,88
750001,7,80
750002,7,85
750003,24,60
750004,7,90
750005,7,70
750006,7,95
750007,7,90
750008,7,100
751001,7,74
751002,7,71
751003,7,82
751004,7,86
751005,7,80
751006,24,61
751007,7,85
752001,7,78
752002,7,82
752003,7,82
752004,7,88
752005,7,94
752006,7,80
752007,7,90
752008,7,89
752009,7,50
752010,7,89
752011,7,88
752012,7,54
752013,7,89
752014,8,76
752015,7,88
752016,7,89
752017,7,84
752018,7,88
752019,7,14
753001,24,55
753002,7,70
753003,7,80
753004,7,69
753005,7,85
753006,7,70
753007,7,85
753008,7,83
753009,24,45
753010,7,82
753011,7,90
753012,7,90
753013,7,80
754001,7,88
754002,7,88
754003,7,70
754004,7,11
754005,7,87
754006,7,94
754007,7,89
754008,7,75
754009,7,98
754010,7,97
754011,7,87
755001,6,95
755002,6,88
755003,6,82
756001,7,80
756002,7,87
756003,7,81
756004,8,57
756005,7,83
756006,7,87
756007,7,62
756008,7,82
757001,24,70
757002,8,89
757003,7,87
757004,7,95
757005,18,90
758001,7,90
758002,7,87
758003,7,78
758004,7,82
758005,7,55
758006,7,95
758007,24,75
758008,7,79
758009,7,90
758010,7,72
758011,24,80
759001,7,100
760001,7,76
760002,7,87
760003,7,91
760004,7,92
760005,7,87
761001,7,83
761002,7,65
761003,16,72
762001,6,76
762002,6,84
762003,6,77
762004,7,91
762005,7,87
763001,7,75
763002,7,98
763003,7,55
763004,7,60
763005,13,60
763006,7,91
763007,24,75
763008,7,45
763009,7,90
763010,7,95
763011,26,30
764001,7,75
764002,8,60
764003,7,90
764004,8,72
764005,7,85
765001,7,97
765002,7,95
765003,7,85
765004,7,92
765005,7,95
765006,7,87
765007,7,75
765008,7,93
765009,7,94
766001,7,80
766002,7,73
766003,7,75
766004,7,70
766005,8,85
766006,8,60
766007,7,88
766008,7,78
766009,7,93
766010,24,73
767001,6,96
767002,6,97
767003,6,100
767004,6,77
767005,6,100
767006,30,46
767007,6,44
767008,6,23
767009,6,78
767010,6,89
767011,6,70
767012,6,100
767013,6,93
767014,6,90
767015,6,88
768001,6,95
768002,6,100
769001,27,70
769002,6,55
769003,27,90
769004,27,90
769005,27,90
770001,6,95
770002,6,87
770003,6,100
770004,6,63
770005,24,35
770006,6,87
770007,6,92
770008,6,87
770010,24,71
771001,6,95
771002,6,100
771003,6,80
771004,6,95
771005,6,88
771006,6,80
771007,6,88
771008,6,95
772001,6,96
772002,6,88
773001,6,84
773002,6,84
773003,6,90
773004,6,86
773005,6,81
773006,6,95
773007,6,88
773008,6,80
773009,26,58
774001,6,89
774002,6,88
774003,6,87
774004,6,83
775001,6,80
775002,6,88
775003,6,95
775004,6,94
776001,24,78
776002,6,91
776003,24,45
776004,24,92
776005,24,71
777001,27,80
777002,27,90
777003,6,50
778001,6,78
779001,6,80
779002,6,75
780001,30,52
780002,6,36
780003,30,57
780004,6,95
780005,6,73
780006,30,49
781001,31,70
781002,31,80
781003,24,100
781004,6,80
781005,6,100
781006,6,85
781007,6,90
781008,6,100
781009,6,90
782001,6,89
782002,6,72
782003,6,87
782004,6,82
782005,27,44
782006,6,89
782007,6,94
782008,6,95
782009,6,85
782010,6,88
782011,6,86
782012,6,75
782013,6,65
782014,6,89
782015,6,8
782016,6,93
783001,6,81
783002,6,82
783003,7,75
784001,6,85
784002,6,86
784003,6,94
784004,6,79
784005,6,90
784006,6,85
785001,6,87
785002,6,76
786001,6,95
786002,6,90
786003,7,90
786004,6,100
786005,6,80
786006,24,100
786007,6,95
787001,6,90
787002,5,100
787003,24,100
787004,6,90
788001,6,100
788002,6,100
789001,5,89
789002,24,73
789003,6,90
789005,6,72
789006,6,95
789007,6,98
789009,6,100
790001,6,100
790002,24,90
790003,6,100
791001,6,100
791002,6,100
791003,7,100
792001,30,54
792002,6,37
792003,5,79
792004,30,87
792005,6,90
792006,6,45
792007,30,77
792008,6,88
792009,26,54
792010,30,95
793001,6,100
793002,6,100
793003,6,70
793004,6,100
793005,6,100
793006,24,100
793007,6,100
793008,24,100
793009,6,95
793010,6,100
793011,6,100
793012,6,100
793013,6,95
793014,6,100
793015,6,90
793016,6,85
793017,6,85
794001,6,76
794002,6,50
794003,6,41
794004,6,54
795001,27,75
795002,27,81
795003,6,39
795004,26,43
795005,6,73
796001,6,74
796002,7,5
796003,6,75
796004,6,52
796005,7,54
797001,6,95
797002,6,80
797003,6,95
797004,6,90
798001,7,95
798002,7,90
798003,7,90
798004,7,90
798005,24,60
798006,7,70
798007,7,90
798008,7,90
798009,7,90
798010,7,90
798011,7,95
799001,7,90
800001,7,90
800002,7,80
800003,6,100
800004,7,90
800005,7,100
800006,7,100
800007,7,90
801001,7,90
801002,7,90
802001,7,100
802002,7,80
802003,7,80
803001,27,31
803002,5,75
803003,5,25
803004,27,51
803005,30,43
803006,5,56
803007,5,82
803008,5,90
803009,30,60
804001,5,55
804002,27,50
804003,27,80
804004,5,70
805001,27,40
805002,5,90
805003,5,70
805004,5,58
805005,5,94
805006,5,75
805007,5,80
805008,5,69
806001,27,90
806002,27,90
806003,27,60
806004,6,60
806005,27,50
806006,27,60
806007,27,50
806008,27,40
806009,24,95
806010,28,50
806011,28,80
806012,28,40
807001,5,89
807002,5,87
807003,5,76
807004,5,91
807005,5,92
807006,5,89
807007,5,90
808001,30,36
808002,5,53
808003,5,90
808004,30,85
808006,5,94
808007,30,93
808008,5,22
808009,30,57
808010,5,72
808011,5,65
808012,5,49
808013,30,65
808014,30,62
808015,5,51
808016,16,30
808017,5,35
809001,6,45
809002,6,80
809003,6,60
809004,5,60
809005,28,75
809006,5,90
809007,5,64
809008,5,90
809009,5,95
809010,5,100
809011,5,75
809012,5,73
809013,5,97
809014,5,80
809015,5,75
809016,5,90
809017,5,100
809018,5,91
809019,5,100
809020,5,100
809021,5,72
810001,6,95
810003,6,55
811001,5,90
811002,30,60
811003,5,73
812001,5,65
812002,5,100
812003,5,100
812004,5,100
812005,5,65
812006,5,45
812007,24,90
812008,5,70
812009,5,90
812010,5,80
812011,5,100
812012,28,50
813001,5,90
813002,5,94
813003,5,100
813004,5,40
813005,5,94
813006,5,90
813007,5,87
813009,5,76
814001,5,95
814002,5,90
814003,5,100
814004,5,50
814005,24,90
814006,5,85
815001,5,99
815002,5,64
815003,24,60
815004,5,100
815005,5,100
815006,24,56
815007,5,100
815008,5,100
816001,27,49
816003,5,44
816004,5,96
816005,5,78
816006,5,79
816007,5,98
816008,5,54
816009,5,79
816010,5,97
816011,5,96
816012,5,85
816013,5,92
816014,5,90
816015,5,89
816016,5,6
816017,5,87
816018,5,80
816019,5,81
816020,5,64
817001,5,95
817002,5,100
817003,5,93
818001,5,90
818002,24,70
818003,27,45
818004,5,60
818005,27,40
818006,5,50
819001,5,76
819002,24,55
820001,5,97
820002,5,95
820003,5,100
820004,5,90
820005,30,8
821001,5,98
821002,5,70
821003,5,97
821004,5,98
821005,5,89
821006,14,34
821007,5,96
821008,5,78
821009,5,88
822001,6,81
822002,5,77
822003,6,74
822004,6,50
822005,6,83
822006,6,88
822007,6,81
823001,5,90
823002,5,100
823003,5,100
823004,5,100
823005,5,100
823006,5,100
823007,24,50
823008,5,100
824001,5,91
824002,5,95
824003,25,52
824004,24,50
824005,5,96
824006,5,100
824007,5,84
824008,5,33
825001,5,81
825002,5,96
825003,5,100
825004,5,10
825005,5,95
825006,5,83
825007,6,94
825008,5,97
825009,6,100
825010,6,100
825011,6,100
825012,5,95
825013,5,97
825014,6,100
825015,6,96
825016,5,95
825017,5,44
826001,5,81
826002,5,55
826003,5,88
826004,5,88
826005,5,83
826006,5,96
826007,5,94
826008,5,92
826009,5,79
826010,5,91
826011,5,100
826012,30,49
826013,5,96
826014,30,14
826015,5,87
826016,5,86
826017,5,96
826018,5,97
826019,5,94
826020,6,82
826021,5,76
826022,5,100
826023,5,26
826024,5,80
826025,5,83
827001,24,16
827002,24,51
827003,5,100
827004,5,68
827005,30,49
827006,5,85
828001,5,100
828002,24,50
828003,5,100
828004,5,100
828005,5,95
828006,5,100
828007,24,80
828008,5,100
828009,24,50
828010,5,100
828011,5,95
828012,5,95
828013,5,100
828014,5,95
828015,24,50
828016,5,95
828017,5,100
828018,5,100
828019,5,90
828020,5,60
828021,5,80
829001,24,50
829002,5,100
829003,5,100
829004,5,100
829005,5,100
830001,5,70
830002,5,50
830003,5,52
830004,5,81
830005,30,73
830006,5,96
830007,5,85
830009,30,80
830010,5,79
830011,5,71
830012,5,60
830013,5,95
830014,5,89
830015,5,87
830016,5,85
830017,5,92
830018,5,95
830019,5,92
830020,5,89
830021,5,98
830022,5,91
831001,6,78
831002,6,80
831003,6,93
832001,6,90
832002,6,96
832003,6,93
832004,24,22
832005,5,95
832006,5,68
832007,5,57
832008,5,54
832009,6,95
832010,5,49
832011,5,88
832012,5,90
832013,6,95
832014,5,95
832015,5,63
832016,6,93
832017,6,100
832018,5,36
832019,5,95
832020,5,100
832021,5,15
833001,27,54
833002,5,86
833003,5,83
833004,5,50
833005,5,70
833006,27,66
833007,24,80
833008,5,80
833009,5,50
833010,5,50
833011,5,80
834001,5,71
834002,5,96
834003,5,57
834004,5,69
835001,5,72
836001,6,90
837001,5,82
837002,6,85
837003,6,100
837004,6,79
837005,6,73
838001,6,100
838002,6,100
838003,7,89
838004,7,100
838005,6,95
838006,7,93
838007,6,90
838008,6,97
838009,6,72
838010,6,90
838011,6,82
838012,6,91
838013,6,96
838014,16,43
838015,6,32
838016,7,74
838017,6,48
839001,7,88
839002,7,82
840001,7,97
840002,7,90
840003,7,60
841001,8,32
841002,7,62
843001,7,83
843002,13,57
843003,7,100
843004,7,67
844001,7,60
844002,7,78
844003,7,62
846001,7,45
846002,14,57
846003,7,59
846004,14,54
846005,7,46
847001,7,67
847002,7,87
847003,13,52
848001,13,74
848002,7,100
849001,7,77
849002,13,60
849003,7,82
849004,31,90
849005,31,85
849006,31,100
849007,7,74
849008,31,100
849009,31,98
849010,7,66
850001,24,100
850002,24,57
850003,7,55
850004,7,79
850005,7,61
851001,14,60
851002,7,78
851003,24,62
852001,31,53
852002,7,93
852003,7,85
852004,7,90
852005,7,93
853001,7,78
854001,8,72
854002,8,64
855001,8,80
855002,8,70
944020,4,45
944022,23,95
944023,23,70
944024,23,90
944027,23,40
944029,23,40
944031,23,70
944039,23,85
950010,14,60
950016,2,85
950017,2,100
950019,23,60
950034,2,30
951012,23,50
955001,23,60
955006,23,70
955009,23,100
955015,23,100
955026,23,90
955030,4,70
955037,23,95
955041,23,100
955042,4,75
956001,23,95
956003,23,75
956004,4,50
956005,23,70
956007,23,60
956009,4,60
956010,4,90
956013,4,90
956015,4,85
956016,4,100
956017,4,85
956018,4,85
956019,4,80
956020,4,95
956021,4,55
956022,4,85
956023,4,60
956024,12,40
956025,4,70
956026,3,70
956027,4,70
956028,3,70
957008,23,70
957011,4,80
957012,4,65
957014,4,85
957015,4,80
957017,4,75
957018,4,80
958001,23,75
958003,23,85
958006,23,70
958009,22,80
958011,23,100
959001,22,50
959002,23,75
959004,13,80
959005,22,50
959006,18,35
959007,14,80
959008,14,50
959009,13,30
959010,23,75
959011,17,60
959012,13,50
959013,23,45
959014,14,45
959015,23,70
959016,22,45
959017,23,30
959018,23,90
959019,2,40
959020,23,95
959021,23,65
959022,13,40
959023,23,100
959024,14,30
959025,14,70
959026,1,30
959027,23,100
959028,23,85
960001,23,70
962021,23,60
968013,2,50
969001,16,85
969004,24,60
969006,16,80
969007,24,55
969008,16,70
969012,16,50
969013,16,70
969014,4,75
969016,2,30
969019,16,70
970004,24,65
971001,16,50
972001,16,65
972002,23,45
972003,16,80
972004,16,80
972005,16,60
972006,23,60
972008,16,70
972010,16,70
972013,16,45
972014,16,65
972017,16,50
972018,16,80
972022,16,60
972026,16,80
972028,16,90
972029,16,85
972033,16,50
973014,16,70
974027,16,75
974034,4,65
974035,16,45
974037,16,70
974038,16,75
974039,16,70
974040,16,50
976001,16,60
976002,16,80
976004,16,100
976005,16,70
976008,16,40
976011,16,70
976012,16,85
976013,16,60
976014,16,60
976015,16,60
976016,16,70
976017,16,80
976019,16,90
977006,13,50
977010,2,50
977015,16,55
978001,2,50
978002,16,70
978004,16,80
978006,16,70
978007,16,50
978008,8,55
978009,2,50
978010,16,50
978014,16,90
978020,16,95
978022,16,75
978023,16,95
978024,2,60
978025,2,70
978026,2,45
978027,2,45
978030,2,40
979002,16,50
979003,2,50
979004,6,40
979005,16,45
979007,16,35
980012,23,75
980051,4,50
981011,16,80
981014,18,40
982010,16,85
982016,16,90
982021,16,85
982022,16,90
982024,4,60
982025,16,80
982026,16,90
982027,4,95
982028,16,85
982029,16,85
982030,16,65
982034,16,50
982035,24,65
982036,16,70
982038,16,80
982039,16,60
982040,16,60
982041,16,75
982042,18,50
982043,16,90
982044,16,70
982045,16,65
982046,16,85
982047,16,75
982048,4,60
982049,16,80
982050,2,75
982051,16,100
982054,16,90
986006,16,75
988012,16,65
988014,4,40
988015,16,70
988016,16,55
988018,16,65
988019,16,75
989007,2,80
990002,4,90
990013,4,80
990015,4,70
990016,4,75
990020,24,60
990022,4,65
990026,4,70
990031,4,85
991001,4,100
991002,4,80
991003,23,55
991004,4,55
991005,4,85
991006,4,50
991008,23,70
991011,14,100
991013,4,50
991014,16,70
991016,23,50
992002,2,80
992005,2,70
992006,23,70
995006,2,30
995024,23,70
996003,4,60
996006,4,90
996009,4,70
996010,16,70
996011,2,70
996012,16,90
997001,4,40
997002,4,50
997004,25,30
997005,25,30
997006,4,50
997007,4,40
997008,2,30
997009,2,40
997010,4,30
997011,2,60
997012,16,50
997013,2,60
997014,2,80
998001,16,70
998002,16,70
999001,2,90
999002,2,90
999003,2,60
999004,2,40
999005,4,20
999006,4,20
999007,2,60
999008,2,30
999009,2,90
999010,2,90
999011,2,80
999012,2,30
999013,2,40
999014,2,90
999015,4,20
999016,2,90
999017,2,50
999018,2,30
999019,2,50
999020,2,100
999021,2,50
999022,2,50
999023,2,10
999024,2,40
999025,2,50
999026,2,20
999027,2,40
999028,2,30
1000001,2,10
1000002,2,20
1000003,2,90
1001009,2,65
1001010,16,50
1001012,7,50
1001016,2,70
1002020,2,70
1004001,16,70
1004005,16,45
1004013,16,100
1004014,16,80
1004015,2,50
1004016,23,60
1004017,16,35
1004018,16,85
1004019,24,30
1004020,16,65
1004021,16,50
1004022,16,70
1004023,2,60
1004025,16,60
1004026,16,75
1004027,16,60
1004030,16,70
1004031,16,60
1005001,5,50
1005002,2,70
1005003,5,90
1005004,8,60
1005005,2,70
1005006,2,65
1005007,2,60
1005008,7,55
1005009,2,55
1005010,7,55
1005011,5,70
1005012,16,50
1005013,5,75
1005014,2,70
1005015,5,60
1005016,5,85
1005017,5,80
1005018,6,40
1005019,2,45
1006001,16,40
1006002,2,40
1006004,16,50
1006006,16,60
1006007,7,55
1006009,6,50
1006011,4,40
1006014,16,60
1006018,16,50
1006020,2,90
1006022,16,70
1006023,6,65
1006024,7,75
1006025,24,40
1006026,7,40
1006027,6,65
1006029,16,80
1007001,2,75
1007002,16,50
1007003,2,45
1007004,16,40
1007005,16,40
1007006,7,80
1007007,7,75
1007008,7,60
1007009,2,50
1007010,8,40
1007011,2,95
1007012,6,50
1007013,16,50
1007014,2,75
1007015,13,60
1007016,2,100
1007017,2,25
1007018,2,80
1007019,2,80
1007020,5,50
1007021,5,80
1007022,2,70
1008001,16,50
1008003,16,60
1008004,24,40
1008005,7,95
1008006,16,60
1008008,16,80
1008009,16,50
1008011,2,60
1008014,2,50
1008016,2,65
1008019,4,50
1008020,2,65
1008021,4,40
1008022,2,50
1009007,2,60
1009008,4,40
1009011,2,60
1009013,6,35
1009014,6,60
1009017,2,55
1009018,24,35
1010001,2,60
1010002,5,50
1010003,2,70
1010004,5,40
1010005,2,50
1011001,2,100
1011002,2,30
1011003,16,75
1011004,6,40
1012002,4,100
1012008,2,60
1012013,4,90
1012014,4,75
1012020,4,55
1012021,23,75
1012022,16,40
1013004,16,40
1013008,16,35
1013009,16,50
1013010,4,75
1014002,2,60
1015001,14,70
1015002,16,50
1015003,2,45
1015004,2,60
1015005,2,100
1015006,2,100
1015008,2,65
1015009,16,50
1015011,2,100
1015012,6,60
1015013,2,75
1015014,2,65
1015015,16,50
1015016,2,60
1015018,2,65
1016001,2,40
1016002,7,50
1016003,7,50
1017002,4,20
1017004,16,50
1017006,23,80
1017007,16,55
1017008,16,65
1017009,23,80
1017012,16,35
1017024,2,40
1017025,2,50
1017026,16,40
1018001,7,90
1018002,8,40
1018003,16,60
1018004,16,50
1018005,16,40
1018006,2,60
1018007,7,80
1018008,4,50
1019001,16,30
1019002,16,40
1019004,16,20
9593001,7,70
9593002,16,50
9607001,16,40
9607002,12,40
9607003,18,60
9607004,16,40
9607005,18,70
9607006,16,40
9608001,18,60
9608002,7,70
9608003,18,60
9609001,16,70
9609002,18,50
9609003,16,80
9609004,7,70
9609005,4,50
9609006,18,50
9687001,8,50
9687002,2,40
9687003,16,90
9687004,16,90
9687005,16,50
9687006,24,80
9687007,16,70
9687008,16,70
9687009,7,60
9687010,8,80
9687011,16,60
9787001,6,65
9787002,24,95
9787003,6,85
9787004,5,80
