"POLY_ID","GG"
243001,"2"
576003,"2"
249006,"11"
576004,"2"
242024,"2"
574019,"2"
243004,"2"
574015,"2"
574018,"2"
242022,"2"
251006,"2"
251008,"2"
250004,"16"
242021,"2"
251003,"11"
251005,"2"
574016,"2"
242023,"2"
263007,"2"
251002,"11"
263008,"2"
574017,"2"
251007,"16"
576005,"2"
242025,"2"
576006,"2"
263009,"2"
242026,"2"
242027,"2"
253001,"2"
576007,"2"
253002,"2"
576008,"2"
254001,"16"
251011,"16"
251013,"16"
251004,"16"
251012,"16"
254002,"16"
242028,"2"
251009,"16"
251010,"16"
250002,"16"
242029,"2"
243005,"2"
253003,"16"
263023,"2"
254003,"16"
577001,"4"
254004,"11"
244061,"16"
244029,"16"
253005,"16"
244067,"16"
576009,"2"
576010,"2"
244048,"16"
244052,"16"
244055,"16"
244007,"16"
244058,"16"
244039,"16"
578001,"2"
576011,"2"
578002,"2"
244056,"16"
244046,"2"
253006,"16"
253004,"16"
576012,"2"
331005,"2"
244047,"16"
244040,"16"
263026,"2"
577002,"24"
578003,"2"
244050,"16"
331016,"4"
244060,"16"
244064,"16"
244041,"16"
244053,"16"
253007,"16"
244043,"16"
331021,"4"
244066,"16"
244065,"16"
586001,"16"
244062,"16"
244054,"16"
245002,"16"
586002,"16"
579001,"4"
579002,"4"
244063,"16"
586006,"16"
245001,"16"
586004,"16"
586007,"16"
245004,"16"
244059,"16"
338004,"4"
580001,"16"
587003,"16"
587001,"16"
245003,"16"
587002,"16"
586005,"16"
9607001,"16"
579003,"4"
580002,"16"
586003,"16"
587004,"16"
580003,"16"
245005,"16"
587006,"16"
581002,"16"
245006,"16"
587005,"16"
244068,"16"
607003,"16"
9607003,"16"
9607002,"16"
579004,"2"
605001,"16"
586014,"16"
606001,"16"
606002,"16"
586010,"16"
579005,"4"
586012,"16"
586009,"16"
581004,"16"
586015,"16"
586008,"16"
601001,"16"
606003,"16"
582002,"16"
605002,"16"
601002,"16"
244069,"16"
586016,"16"
632001,"4"
606004,"16"
602001,"16"
244070,"16"
605004,"16"
633001,"4"
601003,"16"
586013,"16"
588003,"16"
586011,"16"
607001,"16"
9607006,"16"
579006,"4"
9607005,"16"
582004,"16"
9607004,"16"
632002,"4"
607004,"16"
583001,"16"
605005,"16"
606005,"16"
632003,"16"
588001,"16"
588002,"16"
607002,"16"
583003,"16"
582007,"16"
633003,"4"
589001,"16"
589002,"16"
601004,"16"
584001,"16"
589003,"16"
589004,"16"
583002,"16"
605003,"16"
589005,"16"
632004,"16"
607005,"16"
581007,"16"
588006,"16"
632007,"4"
632005,"16"
608001,"16"
608002,"16"
632006,"16"
583005,"16"
588004,"16"
583004,"16"
633011,"4"
603001,"16"
581010,"16"
582005,"16"
581008,"16"
583006,"16"
634001,"16"
633016,"4"
607012,"16"
632008,"16"
583007,"16"
581009,"16"
581006,"16"
585004,"16"
583008,"16"
581005,"16"
588005,"16"
605006,"16"
588007,"16"
634002,"16"
588008,"16"
585005,"16"
588009,"16"
585006,"16"
607006,"16"
633021,"4"
608003,"16"
581011,"16"
583009,"16"
585002,"16"
634003,"16"
635001,"16"
601005,"16"
588010,"16"
607007,"16"
632009,"4"
632010,"16"
585008,"16"
584002,"16"
588011,"16"
607010,"16"
633025,"4"
635002,"16"
585009,"16"
585003,"16"
632011,"16"
585010,"16"
585011,"16"
583011,"16"
607008,"16"
608004,"18"
607011,"16"
585007,"16"
590001,"16"
583012,"16"
604001,"16"
608007,"16"
588012,"16"
637001,"16"
583015,"16"
608006,"16"
637002,"16"
604002,"16"
601007,"16"
591001,"16"
604003,"16"
608005,"16"
607013,"16"
581012,"16"
601006,"16"
590002,"16"
635003,"16"
584003,"16"
583019,"16"
607009,"16"
585012,"16"
635004,"16"
585021,"16"
9608001,"16"
604004,"16"
637003,"16"
607014,"16"
583010,"16"
585015,"16"
583014,"16"
609003,"16"
585013,"16"
9608002,"16"
583013,"16"
591003,"16"
588013,"16"
590003,"16"
591004,"16"
591024,"16"
591019,"16"
9608003,"16"
607015,"16"
637006,"16"
591027,"16"
607016,"16"
591005,"16"
583018,"16"
609005,"16"
591009,"16"
609004,"16"
591010,"16"
585018,"16"
637004,"16"
637005,"16"
637009,"16"
591026,"16"
612007,"16"
637008,"16"
585020,"16"
609001,"16"
585027,"16"
583016,"16"
591033,"16"
585026,"16"
583017,"16"
590005,"16"
591021,"16"
591020,"16"
591002,"16"
585023,"16"
590004,"16"
588014,"16"
638002,"16"
609002,"16"
638001,"16"
612001,"16"
638003,"16"
585025,"16"
590006,"16"
591006,"16"
638004,"16"
9593002,"16"
592001,"16"
585024,"16"
591017,"16"
609007,"16"
591008,"24"
594001,"16"
591047,"16"
639001,"16"
596001,"16"
594002,"16"
591015,"16"
9593001,"16"
591049,"16"
591018,"16"
637016,"16"
638006,"16"
592002,"16"
591013,"16"
613001,"16"
609006,"16"
591043,"16"
641001,"16"
596004,"16"
594003,"16"
591014,"16"
612003,"16"
591007,"16"
638005,"16"
595001,"8"
607017,"16"
591040,"16"
591030,"16"
591031,"16"
612002,"16"
591032,"16"
593001,"16"
591029,"16"
596005,"16"
637018,"16"
591035,"16"
591038,"16"
968013,"16"
591016,"16"
591012,"16"
594004,"16"
591028,"24"
591023,"16"
641006,"16"
591044,"16"
638007,"16"
609008,"16"
596002,"16"
591025,"16"
594005,"16"
641002,"16"
596006,"16"
591046,"16"
612004,"16"
591041,"16"
591039,"16"
969001,"16"
613003,"16"
591022,"16"
596003,"16"
612005,"16"
613002,"16"
638008,"16"
591037,"16"
591034,"16"
593002,"7"
592004,"16"
592005,"16"
618009,"16"
641010,"16"
969004,"16"
596007,"16"
618015,"16"
969006,"16"
596008,"16"
618013,"16"
591036,"16"
612008,"16"
618004,"16"
591042,"16"
612006,"16"
593003,"16"
591048,"16"
591045,"16"
618018,"16"
593005,"16"
593004,"16"
618010,"16"
614002,"16"
618001,"16"
618006,"16"
638011,"16"
618002,"16"
644001,"16"
596009,"16"
618017,"16"
969007,"16"
596010,"16"
618005,"16"
618007,"16"
615001,"16"
618003,"16"
615002,"16"
592003,"16"
969008,"4"
618014,"16"
614001,"16"
595002,"16"
592008,"16"
644005,"16"
614003,"16"
597001,"16"
638010,"16"
615003,"16"
612009,"16"
595003,"7"
638009,"16"
969012,"16"
597003,"16"
618012,"16"
610002,"16"
592006,"16"
597002,"16"
969014,"4"
969013,"4"
618011,"16"
970004,"23"
597005,"16"
598002,"28"
609009,"16"
598001,"16"
618008,"16"
644002,"16"
610001,"16"
597004,"16"
592010,"16"
611003,"16"
615004,"16"
592007,"16"
611001,"16"
619001,"16"
616001,"16"
610003,"16"
618016,"16"
599001,"16"
599002,"16"
610018,"16"
619010,"16"
611004,"16"
944020,"23"
611002,"16"
615007,"16"
619009,"16"
9609001,"16"
944027,"23"
9609002,"16"
618019,"16"
598004,"16"
598003,"16"
619002,"16"
615005,"16"
619003,"16"
616002,"16"
615006,"16"
969016,"16"
944029,"23"
616003,"16"
944024,"23"
9609003,"16"
599003,"16"
616004,"16"
619005,"16"
600001,"16"
619004,"16"
600003,"16"
944022,"23"
600005,"16"
592011,"16"
650001,"16"
592009,"16"
610019,"16"
619008,"16"
650002,"16"
969019,"16"
610008,"16"
620001,"16"
9609006,"16"
598005,"16"
600004,"16"
610010,"16"
944039,"23"
9609005,"16"
971001,"4"
600002,"16"
615008,"16"
962021,"23"
944023,"23"
617001,"16"
9609004,"16"
618021,"16"
650003,"16"
972001,"4"
616005,"16"
650005,"16"
610012,"16"
678001,"16"
610020,"16"
615009,"16"
610005,"16"
678007,"16"
678005,"16"
678004,"16"
610021,"16"
610006,"16"
972003,"16"
610004,"16"
678002,"16"
610009,"16"
972002,"4"
615013,"16"
610007,"16"
610017,"16"
618025,"16"
980012,"23"
972004,"4"
615010,"16"
610014,"16"
610015,"16"
618029,"16"
650006,"16"
678003,"16"
620002,"16"
618030,"16"
972005,"16"
617002,"16"
678006,"16"
650004,"16"
618031,"16"
610016,"16"
944031,"23"
619006,"16"
616006,"16"
615012,"16"
610011,"16"
678010,"16"
615011,"16"
972006,"23"
621001,"16"
678008,"16"
679001,"16"
621003,"16"
610013,"16"
621002,"16"
617003,"16"
678011,"16"
996003,"4"
681001,"16"
678012,"16"
680002,"16"
678009,"16"
680001,"16"
972010,"16"
619007,"16"
681003,"7"
681002,"16"
652003,"16"
652005,"16"
652004,"16"
680007,"16"
972008,"4"
982010,"16"
680003,"2"
680009,"16"
616007,"16"
618034,"16"
650008,"16"
682002,"16"
680006,"16"
621005,"16"
680008,"16"
621004,"16"
618032,"16"
680004,"16"
621006,"16"
647012,"16"
680005,"7"
996006,"4"
680012,"16"
682006,"16"
621007,"16"
617004,"16"
680011,"16"
681006,"8"
618033,"16"
682008,"16"
997001,"4"
9687010,"8"
680013,"16"
681004,"16"
686003,"16"
980051,"4"
683003,"16"
618038,"16"
682010,"16"
972017,"16"
710001,"16"
618035,"16"
686001,"16"
682009,"16"
686002,"16"
680014,"16"
9687011,"8"
618041,"16"
982029,"16"
684002,"16"
982016,"4"
685001,"7"
9687003,"16"
618036,"16"
972013,"4"
9687002,"16"
9687001,"7"
618042,"16"
621009,"16"
680015,"16"
981011,"16"
681005,"16"
684003,"16"
9687004,"16"
621008,"16"
684004,"16"
618037,"16"
684005,"16"
982026,"16"
996009,"4"
981014,"16"
997002,"4"
686005,"16"
618040,"16"
685002,"16"
680010,"16"
618044,"16"
682012,"16"
686004,"16"
710002,"16"
618043,"16"
982021,"16"
710004,"16"
684001,"16"
685005,"16"
9687005,"16"
982024,"16"
972029,"16"
972028,"16"
622002,"16"
622001,"16"
685003,"16"
982034,"16"
972022,"16"
996010,"16"
682014,"16"
710003,"16"
623001,"16"
727014,"7"
711001,"16"
997006,"4"
669003,"14"
618039,"16"
972014,"4"
684006,"16"
972026,"4"
997004,"4"
710007,"16"
624001,"16"
684007,"16"
683002,"7"
9687007,"16"
982038,"16"
982022,"16"
982030,"16"
710006,"16"
727001,"7"
9687009,"7"
624002,"16"
972018,"4"
685004,"16"
684008,"16"
624003,"16"
728002,"7"
982025,"16"
686006,"16"
710005,"16"
996012,"16"
683001,"7"
621010,"16"
997005,"23"
711002,"16"
9687006,"16"
622003,"16"
982035,"16"
728001,"7"
710008,"16"
657012,"16"
688001,"16"
622004,"16"
657013,"16"
687002,"7"
625001,"16"
9687008,"7"
982036,"16"
982040,"23"
687001,"16"
982028,"16"
689001,"16"
623003,"16"
1013004,"23"
997008,"4"
728003,"7"
669009,"14"
621011,"16"
624004,"16"
973014,"4"
996011,"4"
972033,"16"
621013,"16"
687003,"7"
982039,"16"
982027,"16"
657015,"16"
689002,"16"
688002,"16"
657016,"16"
621012,"16"
729001,"7"
731001,"7"
730001,"16"
623002,"16"
997007,"23"
660005,"16"
727002,"7"
728004,"7"
689004,"16"
689003,"16"
997009,"4"
623006,"16"
623004,"16"
688003,"16"
727003,"7"
732001,"16"
623008,"16"
710009,"16"
687004,"7"
997011,"4"
687005,"16"
687006,"7"
688004,"16"
692001,"16"
690004,"16"
660006,"16"
660008,"16"
690006,"16"
690007,"16"
661008,"16"
661011,"16"
662020,"16"
693009,"16"
693007,"16"
659009,"16"
693006,"16"
982041,"16"
625003,"16"
690008,"16"
691004,"16"
728006,"7"
728005,"7"
691006,"16"
729002,"7"
727005,"7"
689007,"16"
623007,"16"
731003,"7"
660009,"16"
730002,"7"
729003,"7"
694001,"8"
625004,"16"
684009,"16"
625002,"16"
691003,"8"
687008,"16"
661015,"16"
997010,"4"
658014,"16"
661013,"16"
691009,"8"
727004,"7"
982042,"16"
621014,"16"
693001,"8"
660010,"16"
974027,"16"
711006,"16"
626001,"16"
623009,"16"
695001,"7"
690010,"16"
625005,"16"
689009,"16"
687007,"7"
623005,"16"
729005,"7"
693003,"8"
689011,"16"
689012,"16"
690009,"16"
692002,"16"
623010,"16"
693005,"8"
689013,"16"
693011,"8"
730003,"16"
694003,"16"
695002,"7"
692003,"16"
696005,"16"
727008,"16"
729004,"7"
695003,"7"
727006,"7"
627001,"16"
691012,"16"
627002,"16"
625008,"16"
693004,"8"
687010,"16"
731002,"7"
694002,"8"
727009,"7"
696006,"16"
626005,"16"
997012,"4"
696002,"16"
623011,"16"
687009,"7"
711007,"16"
690011,"16"
730004,"7"
625009,"16"
997013,"4"
696008,"8"
693010,"8"
626003,"16"
986006,"23"
982044,"16"
697005,"16"
696001,"16"
693012,"8"
625006,"2"
626002,"16"
730006,"7"
696004,"7"
697004,"8"
727007,"16"
696009,"7"
684010,"16"
626004,"16"
696010,"8"
625010,"16"
687011,"7"
696007,"16"
690012,"16"
687012,"16"
694004,"8"
626007,"16"
698003,"16"
729007,"7"
982043,"16"
696003,"16"
626006,"16"
699001,"16"
1013008,"16"
698001,"16"
974035,"16"
694005,"8"
625007,"2"
701001,"7"
729008,"7"
733001,"7"
684011,"16"
698002,"16"
684012,"16"
696014,"8"
729010,"7"
733002,"7"
623012,"16"
698004,"16"
696015,"8"
698008,"16"
729006,"7"
731004,"27"
982045,"16"
729009,"7"
698006,"16"
628001,"16"
731005,"27"
692004,"16"
699002,"16"
998001,"16"
692006,"16"
692007,"16"
730005,"7"
692005,"16"
695004,"27"
698010,"8"
727010,"16"
625011,"16"
974038,"16"
696012,"7"
999001,"2"
733003,"16"
974034,"4"
727012,"7"
692009,"16"
698012,"8"
698005,"8"
999002,"2"
696013,"7"
730007,"7"
974037,"4"
702001,"7"
998002,"16"
696011,"16"
698011,"16"
698009,"8"
698007,"7"
692008,"16"
734001,"7"
982046,"16"
627003,"16"
623014,"16"
702002,"7"
701002,"7"
701003,"7"
974040,"16"
733004,"7"
735003,"7"
1013009,"2"
702006,"8"
705001,"8"
702005,"7"
999004,"2"
623013,"16"
690013,"16"
702004,"7"
727011,"16"
702008,"8"
702003,"7"
735002,"7"
626008,"16"
997014,"4"
700002,"16"
982047,"16"
730008,"7"
735001,"7"
703001,"16"
733005,"16"
623015,"16"
626009,"16"
627004,"16"
736001,"7"
692010,"16"
974039,"2"
700003,"8"
627005,"16"
630001,"16"
735005,"7"
729011,"7"
705005,"7"
731008,"7"
705003,"8"
701005,"7"
690014,"16"
982049,"16"
733006,"7"
730009,"7"
729013,"7"
701007,"7"
705002,"7"
717001,"16"
701004,"7"
982050,"16"
717002,"16"
705004,"7"
982048,"16"
701006,"7"
704003,"8"
672004,"16"
704002,"16"
712006,"16"
672005,"8"
702010,"7"
672006,"8"
712003,"16"
700005,"16"
672009,"16"
702007,"7"
731009,"7"
1013010,"4"
733008,"7"
700006,"16"
727013,"7"
672010,"16"
999003,"4"
702009,"7"
737001,"16"
982051,"16"
706001,"7"
734002,"24"
976001,"16"
740001,"7"
630002,"16"
729014,"7"
731006,"7"
738001,"7"
729015,"7"
705006,"7"
731007,"7"
736002,"7"
630003,"16"
672011,"8"
701009,"7"
734003,"24"
729012,"7"
729017,"7"
628002,"2"
730010,"7"
623016,"16"
701008,"7"
733010,"7"
733007,"7"
729016,"7"
623018,"16"
672012,"16"
717003,"16"
703002,"16"
738003,"7"
731010,"7"
700008,"8"
700007,"16"
733009,"7"
628003,"16"
736004,"7"
704004,"16"
999006,"4"
707001,"16"
623017,"16"
627006,"16"
706002,"7"
999005,"4"
739001,"6"
733011,"7"
705008,"7"
738002,"7"
629001,"16"
701010,"7"
704006,"16"
735007,"7"
735006,"6"
702011,"7"
741001,"7"
739003,"7"
714014,"16"
714002,"16"
704005,"8"
706003,"16"
729018,"7"
737002,"7"
982054,"16"
703003,"16"
731011,"7"
630004,"16"
705007,"7"
734004,"6"
706004,"16"
733012,"7"
714015,"16"
729019,"7"
706006,"7"
740002,"7"
736006,"7"
742001,"7"
736005,"7"
703004,"16"
707002,"16"
743001,"6"
707006,"16"
706005,"7"
714003,"16"
706007,"7"
729020,"7"
741002,"7"
976002,"16"
703005,"16"
741003,"7"
730011,"6"
707004,"16"
628004,"2"
628005,"2"
707003,"16"
717004,"16"
741004,"7"
735008,"7"
744001,"7"
706008,"16"
738004,"7"
742002,"7"
767001,"6"
707005,"16"
717005,"7"
739002,"6"
737003,"7"
629002,"16"
714001,"16"
739004,"6"
739005,"6"
736008,"7"
736009,"7"
714018,"16"
740003,"7"
999008,"2"
729021,"16"
745001,"7"
736010,"7"
745002,"7"
703007,"16"
717006,"16"
741005,"7"
999007,"2"
744002,"7"
717015,"7"
736011,"7"
767003,"6"
736007,"7"
978001,"2"
703006,"16"
731012,"7"
718001,"16"
707007,"16"
768001,"6"
729022,"7"
729023,"7"
976004,"16"
714004,"16"
714005,"16"
628006,"16"
741006,"7"
707008,"16"
738006,"7"
731013,"7"
714008,"16"
768002,"6"
976005,"16"
1000001,"4"
628007,"16"
708001,"16"
741007,"7"
745004,"7"
738005,"7"
743002,"6"
978002,"16"
731014,"27"
708002,"16"
745003,"7"
741010,"7"
767002,"6"
714016,"16"
714011,"16"
714010,"16"
714007,"16"
736012,"6"
767009,"7"
745007,"7"
741008,"7"
741011,"7"
741009,"7"
767004,"6"
771001,"6"
770001,"6"
767010,"7"
717007,"4"
774001,"7"
742003,"7"
629003,"16"
767005,"6"
741012,"7"
731016,"6"
767013,"7"
976008,"16"
714017,"16"
738007,"7"
772001,"6"
717014,"7"
714009,"16"
773001,"6"
767008,"6"
772002,"6"
714012,"16"
737005,"7"
767012,"6"
743003,"6"
731015,"7"
745005,"7"
767006,"6"
774002,"6"
775001,"7"
767007,"6"
744003,"7"
737004,"7"
718004,"16"
978004,"16"
729024,"16"
740004,"7"
744004,"7"
770002,"6"
769001,"6"
740006,"7"
717010,"16"
745006,"7"
714013,"16"
740005,"7"
773002,"7"
776001,"6"
999010,"2"
707009,"8"
714019,"16"
740007,"7"
999011,"2"
709006,"8"
740008,"6"
709007,"7"
999013,"2"
771002,"6"
767014,"6"
774003,"6"
775002,"6"
769002,"27"
977015,"16"
774004,"6"
999009,"4"
769003,"27"
745009,"7"
709003,"8"
769004,"27"
999014,"4"
708003,"16"
717012,"16"
740009,"6"
977010,"16"
771004,"6"
776002,"6"
767011,"6"
709001,"8"
709005,"8"
773004,"7"
709002,"8"
999012,"2"
978007,"2"
777001,"27"
717011,"16"
773003,"7"
771005,"6"
978006,"16"
770003,"6"
709008,"8"
745008,"7"
976011,"16"
778001,"6"
629004,"16"
720001,"16"
775004,"6"
767015,"6"
715001,"16"
776004,"6"
979002,"16"
771006,"6"
776003,"6"
629005,"16"
707011,"16"
709009,"8"
707010,"8"
745010,"7"
776005,"6"
771007,"6"
771003,"6"
1000002,"4"
978008,"16"
709010,"8"
779001,"6"
745011,"7"
708004,"16"
629006,"16"
746001,"7"
803002,"5"
708005,"16"
773005,"6"
745012,"7"
777003,"6"
976012,"16"
780001,"6"
715003,"16"
715002,"16"
977006,"2"
709004,"8"
979004,"6"
709012,"8"
777002,"27"
999015,"2"
775003,"6"
709011,"8"
780002,"6"
978009,"16"
803001,"5"
773006,"6"
744005,"6"
803004,"5"
745015,"7"
769005,"27"
999017,"2"
978010,"16"
1004001,"23"
1000003,"4"
979003,"2"
999016,"2"
803003,"5"
779002,"6"
709014,"8"
976014,"16"
745016,"8"
781004,"6"
709013,"8"
745013,"7"
780003,"6"
746002,"7"
709015,"16"
771008,"6"
781001,"6"
773007,"6"
629007,"16"
770005,"6"
782001,"6"
979005,"6"
770004,"6"
628008,"16"
978014,"16"
748001,"7"
781002,"6"
999018,"2"
804001,"27"
976015,"16"
708006,"16"
804003,"6"
804002,"6"
780004,"6"
770006,"6"
976013,"16"
747001,"7"
999020,"2"
806002,"27"
748002,"7"
717013,"7"
773008,"7"
715004,"16"
781003,"24"
803006,"6"
805001,"5"
781005,"6"
1004005,"16"
749001,"7"
677002,"16"
784001,"6"
803005,"5"
806003,"27"
798001,"6"
782002,"6"
785001,"6"
748005,"7"
629008,"16"
786001,"6"
748003,"7"
806001,"27"
805002,"6"
978020,"16"
723002,"2"
745014,"6"
724002,"8"
784002,"6"
805003,"5"
999021,"2"
715005,"16"
785002,"6"
976016,"16"
723003,"8"
999019,"2"
628009,"2"
808001,"5"
747003,"7"
999022,"2"
749002,"7"
747002,"16"
978023,"16"
748004,"7"
784003,"6"
807001,"6"
715006,"16"
747005,"7"
979007,"6"
749006,"7"
809001,"6"
723005,"8"
807002,"6"
805004,"5"
804004,"6"
747004,"7"
1004023,"16"
770007,"6"
978022,"16"
839001,"7"
808002,"5"
773009,"6"
723004,"8"
840001,"7"
783001,"6"
786002,"6"
808003,"5"
805006,"5"
803007,"5"
976017,"16"
803008,"5"
798002,"7"
750002,"7"
748008,"7"
806004,"27"
786004,"6"
1014002,"16"
709016,"7"
748009,"7"
840002,"7"
749007,"7"
786003,"6"
805005,"5"
453004,"23"
809007,"5"
841002,"7"
784004,"6"
781006,"6"
978025,"16"
803009,"5"
748006,"7"
453005,"23"
806008,"27"
748011,"16"
709018,"8"
1015003,"16"
782003,"6"
1015001,"16"
809002,"6"
709017,"7"
807004,"6"
808004,"30"
809011,"5"
805007,"27"
798003,"7"
780005,"6"
454001,"23"
709019,"7"
782004,"6"
809010,"5"
807003,"5"
839002,"7"
1015002,"16"
748010,"7"
805008,"5"
748007,"7"
810001,"6"
809003,"6"
806005,"27"
806006,"27"
782006,"6"
724003,"8"
724004,"8"
770008,"6"
782005,"6"
999023,"4"
809004,"27"
1004025,"16"
749003,"7"
781008,"6"
748014,"7"
781007,"6"
781009,"6"
978024,"16"
9787001,"27"
978026,"16"
786005,"27"
809012,"5"
798004,"6"
784005,"6"
809015,"5"
843001,"7"
749004,"7"
786006,"24"
748012,"7"
809013,"5"
724005,"8"
782008,"6"
806007,"27"
809016,"6"
748015,"7"
809006,"27"
786007,"6"
782007,"6"
807005,"5"
809009,"6"
748013,"16"
723006,"8"
751005,"7"
751006,"7"
841001,"13"
809008,"27"
1016002,"16"
811001,"5"
1004027,"16"
978027,"16"
840003,"7"
808006,"5"
809005,"27"
9787002,"24"
1004026,"16"
455002,"23"
455001,"23"
1016003,"16"
811002,"5"
780006,"5"
456001,"23"
723007,"13"
709020,"7"
810003,"6"
809018,"5"
976019,"16"
1016001,"2"
807006,"5"
9787003,"6"
995006,"2"
978030,"2"
999024,"2"
749005,"7"
844001,"7"
750001,"7"
783002,"6"
723008,"8"
770010,"25"
724006,"8"
812009,"27"
784006,"6"
783003,"6"
750003,"7"
631001,"16"
709021,"8"
716003,"16"
716002,"16"
750004,"7"
812007,"24"
809014,"27"
782009,"6"
843002,"13"
782010,"6"
809021,"5"
808011,"5"
808007,"5"
788001,"6"
999026,"2"
811003,"5"
999025,"2"
724007,"13"
813001,"6"
788002,"6"
749009,"7"
812008,"5"
843003,"7"
749008,"7"
798006,"7"
723009,"13"
809019,"5"
807007,"5"
813002,"6"
1001009,"2"
789002,"6"
1005005,"2"
789001,"5"
809020,"5"
813005,"5"
631002,"16"
790001,"6"
808014,"5"
813004,"5"
999027,"2"
798005,"7"
809017,"5"
748016,"7"
9787004,"5"
752001,"7"
798010,"7"
808008,"5"
999028,"24"
1005006,"16"
1004030,"16"
1017024,"16"
814004,"5"
748017,"7"
815006,"5"
751007,"7"
812001,"5"
843004,"7"
990002,"4"
754002,"7"
813003,"6"
782011,"6"
813006,"5"
724008,"7"
1005007,"16"
1005014,"2"
808012,"5"
1001010,"16"
782012,"6"
1004031,"23"
808009,"5"
753013,"7"
988012,"4"
808010,"5"
988014,"4"
752003,"7"
754001,"7"
844003,"7"
1005001,"6"
1004013,"4"
789003,"6"
816001,"5"
752002,"7"
789006,"6"
815002,"5"
808013,"5"
752004,"7"
1004015,"4"
782013,"6"
457001,"23"
752018,"7"
815001,"5"
723010,"8"
754003,"7"
750006,"7"
813009,"5"
750005,"7"
844002,"7"
754005,"7"
808015,"5"
455006,"23"
814005,"24"
814001,"5"
1004014,"16"
817001,"5"
789005,"6"
1017025,"16"
1004022,"16"
782014,"6"
1005009,"5"
789007,"6"
1005008,"6"
988016,"4"
813007,"6"
814002,"5"
814006,"5"
790002,"24"
1005010,"6"
1005015,"5"
457002,"23"
790003,"6"
754004,"7"
723011,"8"
812011,"27"
806009,"5"
754006,"7"
988015,"4"
846001,"7"
1005013,"6"
812010,"27"
1005004,"2"
1005012,"16"
1005011,"5"
375001,"16"
749010,"7"
798007,"7"
456003,"23"
789009,"6"
1005016,"5"
1015004,"2"
755001,"7"
808016,"5"
724009,"8"
816003,"5"
782015,"6"
1001012,"16"
782016,"6"
756001,"7"
819001,"5"
754007,"7"
1005017,"5"
791001,"6"
1005018,"6"
815003,"5"
818005,"5"
1004018,"16"
818001,"5"
455009,"23"
806010,"27"
1004016,"23"
816005,"5"
818002,"5"
819002,"5"
818004,"5"
989007,"2"
818003,"5"
754008,"7"
820001,"5"
816006,"6"
1006014,"16"
456004,"23"
812012,"27"
816004,"5"
846002,"7"
787001,"6"
753006,"7"
791002,"6"
1004021,"16"
1004020,"16"
1004017,"16"
792001,"6"
1004019,"16"
753001,"7"
848001,"7"
798008,"7"
817002,"5"
1002020,"2"
754009,"7"
1005019,"2"
792002,"6"
716001,"8"
1005002,"2"
821001,"5"
752019,"7"
1005003,"6"
792004,"6"
375002,"16"
753002,"7"
751001,"7"
846003,"7"
791003,"7"
753003,"7"
753007,"7"
750007,"7"
808017,"5"
988018,"4"
817003,"5"
754010,"7"
846004,"8"
806011,"5"
816011,"5"
821002,"5"
375003,"16"
787002,"5"
752005,"7"
821003,"5"
798009,"7"
792005,"6"
752006,"7"
850004,"7"
1006009,"6"
988019,"4"
1006022,"16"
820002,"5"
1015006,"2"
816007,"5"
756002,"7"
1007001,"16"
1015005,"2"
1007002,"16"
792003,"5"
1017026,"4"
806012,"5"
847002,"7"
1017002,"23"
822001,"6"
825001,"5"
846005,"8"
1007003,"16"
752007,"7"
818006,"5"
1018005,"7"
753008,"7"
1008001,"4"
375005,"16"
1006018,"16"
752008,"16"
375004,"16"
753009,"8"
950010,"24"
1007004,"16"
816012,"5"
755002,"7"
752014,"7"
847003,"7"
1006001,"16"
849001,"7"
820004,"5"
816010,"5"
816009,"5"
756003,"7"
792006,"7"
816008,"5"
751002,"7"
752015,"7"
798011,"7"
1006002,"2"
824001,"5"
752009,"7"
812002,"5"
756004,"7"
848002,"7"
1017004,"2"
756005,"7"
1006020,"2"
820005,"5"
375006,"7"
851001,"7"
752016,"7"
824002,"5"
849002,"7"
799001,"7"
822002,"5"
1007005,"16"
470002,"23"
754011,"7"
470007,"23"
376001,"16"
825002,"5"
793001,"7"
820003,"5"
724010,"8"
375007,"16"
821004,"5"
814003,"5"
816013,"5"
752010,"7"
1008004,"16"
815004,"5"
753011,"7"
757001,"7"
825003,"5"
825004,"6"
822004,"5"
955001,"23"
822003,"6"
812004,"27"
753010,"8"
823001,"5"
825006,"5"
812005,"27"
824003,"5"
1001016,"2"
750008,"7"
787003,"5"
752011,"7"
375008,"16"
751004,"7"
812003,"27"
1017006,"2"
751003,"7"
756007,"7"
377001,"4"
849009,"31"
822005,"5"
815007,"5"
1007006,"7"
1006023,"6"
822006,"5"
816014,"5"
825005,"5"
1007007,"7"
1008003,"16"
812006,"27"
375009,"16"
826001,"5"
756006,"7"
434009,"23"
760005,"7"
759001,"7"
824004,"5"
849003,"7"
792008,"7"
755003,"7"
376002,"16"
752017,"7"
825007,"6"
1006024,"7"
823005,"27"
756008,"7"
724011,"16"
375010,"16"
1008009,"4"
990013,"4"
990020,"23"
1008006,"16"
827001,"5"
827002,"5"
955006,"23"
816015,"6"
827004,"5"
827006,"5"
1007022,"2"
753012,"7"
793002,"6"
1008008,"16"
823002,"5"
792007,"6"
828006,"5"
1008005,"7"
816016,"5"
825008,"5"
847001,"7"
753004,"7"
793003,"6"
1007008,"7"
851002,"7"
990015,"23"
823003,"5"
828005,"5"
824005,"5"
823004,"27"
823006,"27"
1017007,"16"
457003,"23"
821005,"5"
757002,"7"
823007,"24"
1007009,"16"
787004,"6"
990022,"23"
455010,"23"
821006,"5"
849010,"7"
850005,"7"
793005,"6"
955009,"23"
1006026,"7"
816018,"5"
958001,"23"
1006025,"6"
825009,"6"
793004,"6"
376003,"16"
990016,"4"
794001,"7"
823008,"5"
827003,"5"
956001,"23"
816017,"5"
1007010,"2"
793016,"6"
1006027,"6"
815005,"5"
1018006,"7"
822007,"6"
825010,"6"
825011,"6"
379001,"16"
470022,"23"
1012002,"4"
752013,"7"
758007,"7"
752012,"7"
794002,"7"
824006,"5"
828007,"24"
470019,"23"
376004,"16"
851003,"7"
456005,"23"
466007,"23"
816019,"5"
956003,"4"
1015008,"2"
375011,"16"
828010,"5"
821007,"5"
758002,"7"
724012,"8"
828008,"5"
1015009,"2"
795001,"5"
815008,"27"
793006,"6"
824008,"6"
792009,"6"
753005,"7"
758001,"7"
816020,"5"
829005,"5"
761001,"7"
825012,"5"
821009,"5"
1007011,"2"
757003,"7"
826002,"5"
455011,"23"
466009,"23"
726001,"8"
1006029,"16"
793007,"6"
829001,"24"
824007,"5"
830003,"6"
794003,"6"
1007012,"6"
995024,"2"
378003,"16"
795002,"5"
757004,"7"
800006,"7"
830001,"5"
1017008,"23"
827005,"5"
762001,"7"
1007013,"16"
760002,"7"
828014,"5"
838015,"6"
457004,"23"
849004,"31"
760001,"7"
826003,"5"
849005,"31"
762002,"7"
1017009,"2"
821008,"5"
850001,"7"
466010,"23"
1015011,"2"
830002,"5"
829004,"5"
456007,"23"
455012,"23"
456006,"23"
850002,"24"
850003,"7"
1008011,"16"
958003,"23"
830004,"6"
837002,"6"
826007,"5"
837001,"6"
826006,"5"
455013,"23"
761002,"7"
761003,"16"
1007015,"13"
826009,"5"
826012,"5"
757005,"24"
1007014,"2"
826005,"5"
763001,"7"
838002,"6"
758003,"7"
838001,"7"
829003,"5"
826013,"5"
470001,"23"
763002,"7"
457005,"23"
455014,"23"
793009,"6"
825016,"5"
793011,"6"
793008,"6"
830005,"5"
829002,"6"
758008,"7"
838005,"6"
837003,"6"
837004,"6"
758009,"7"
758004,"7"
792010,"6"
1018007,"7"
825013,"6"
956004,"4"
826004,"5"
828001,"5"
830006,"5"
800007,"7"
763003,"7"
837005,"6"
793017,"6"
457008,"23"
825014,"6"
838003,"7"
838004,"7"
830007,"5"
1006011,"4"
825015,"6"
457007,"23"
828009,"5"
793012,"6"
1007016,"2"
830009,"6"
955015,"23"
828012,"5"
1007017,"6"
457006,"23"
1015012,"2"
990031,"4"
760003,"7"
830011,"6"
838013,"7"
795003,"6"
958006,"23"
466028,"23"
466029,"23"
990026,"23"
458001,"23"
470006,"23"
838011,"6"
852003,"7"
793010,"6"
826018,"5"
828011,"5"
456008,"23"
825017,"6"
828013,"5"
758010,"7"
470031,"23"
456009,"23"
833005,"5"
459001,"23"
1015013,"2"
793013,"6"
764003,"7"
455015,"23"
1017012,"16"
826010,"5"
379002,"16"
826008,"5"
826015,"5"
1007018,"2"
831001,"5"
763004,"7"
852004,"7"
1006006,"2"
838008,"7"
763005,"7"
762003,"7"
830010,"5"
991004,"23"
991003,"4"
466017,"23"
470003,"23"
838014,"16"
956005,"4"
758006,"7"
466018,"23"
991001,"23"
838007,"7"
758011,"7"
826014,"5"
830012,"6"
849007,"7"
1018001,"2"
1007019,"2"
849006,"4"
1008014,"2"
838006,"7"
838012,"6"
375012,"16"
470011,"23"
826011,"5"
456010,"23"
380001,"16"
832002,"6"
470029,"23"
826016,"5"
470008,"23"
838016,"7"
1008016,"2"
1007020,"5"
796001,"7"
991006,"23"
1006004,"2"
800005,"7"
1015014,"2"
832001,"6"
466022,"23"
958009,"22"
830014,"5"
1019002,"4"
826017,"5"
854001,"7"
766010,"7"
466038,"23"
1019001,"23"
992002,"2"
401026,"23"
838009,"6"
470020,"23"
765009,"7"
762004,"7"
852005,"7"
726002,"8"
830015,"5"
765001,"7"
826019,"5"
795004,"6"
1015015,"2"
758005,"7"
1015016,"2"
470028,"23"
470014,"23"
762005,"7"
830013,"5"
832003,"6"
793014,"6"
852001,"7"
832005,"6"
763007,"7"
764005,"7"
1006007,"7"
800001,"7"
466051,"23"
401021,"23"
470004,"23"
1018008,"7"
854002,"7"
832004,"5"
470021,"23"
764004,"7"
458013,"23"
992005,"16"
466042,"23"
726003,"8"
830016,"5"
955026,"23"
838017,"6"
793015,"6"
956007,"4"
826023,"5"
828015,"5"
763006,"7"
958011,"23"
466031,"23"
470017,"23"
470012,"23"
828016,"5"
766006,"7"
849008,"31"
991008,"23"
834001,"5"
991005,"4"
835001,"27"
826022,"5"
800003,"6"
826021,"5"
830017,"5"
832007,"5"
838010,"6"
991002,"4"
828017,"5"
833002,"27"
832008,"6"
833003,"5"
950034,"23"
765008,"7"
466036,"23"
794004,"7"
760004,"7"
466030,"23"
828018,"5"
832012,"5"
466040,"23"
800002,"7"
466056,"23"
801001,"7"
766007,"7"
832006,"6"
1007021,"5"
832011,"5"
1009007,"2"
795005,"6"
401023,"23"
826020,"5"
992006,"4"
1018004,"4"
459002,"23"
959001,"22"
763008,"7"
466008,"23"
831002,"7"
834002,"5"
379003,"16"
833001,"27"
478001,"23"
1012013,"4"
1012008,"2"
1009011,"2"
726004,"8"
826025,"5"
764001,"7"
1012014,"4"
959005,"23"
1010001,"6"
375013,"16"
466001,"23"
828020,"5"
832013,"5"
800004,"7"
955030,"4"
1010002,"5"
830019,"5"
832014,"5"
763009,"7"
766009,"7"
466025,"23"
466005,"23"
853001,"7"
832009,"5"
956009,"23"
380002,"16"
766008,"7"
466057,"23"
830018,"5"
833006,"5"
458002,"23"
959007,"23"
959017,"1"
765002,"7"
802002,"7"
828002,"5"
438016,"23"
826024,"5"
1019004,"23"
764002,"7"
466004,"23"
828003,"6"
1010003,"2"
438015,"23"
796002,"7"
956010,"4"
802001,"7"
1008019,"2"
380003,"16"
380004,"16"
1018002,"7"
375014,"16"
466019,"23"
801002,"7"
959002,"23"
959019,"23"
401029,"23"
466011,"23"
830020,"5"
797001,"6"
763010,"7"
765003,"7"
959008,"13"
959021,"23"
828019,"5"
959016,"23"
991011,"14"
766001,"7"
852002,"7"
959004,"13"
959013,"23"
466006,"23"
466013,"23"
1009008,"23"
832010,"5"
466061,"23"
470005,"23"
833009,"5"
828021,"5"
765005,"7"
465001,"23"
830021,"5"
766004,"7"
763011,"7"
1012020,"4"
1008021,"2"
1008020,"2"
959009,"13"
1009013,"6"
470016,"23"
1009014,"6"
766003,"7"
1008022,"2"
959006,"14"
458003,"23"
726005,"7"
991016,"23"
832016,"5"
766002,"7"
765004,"7"
466002,"23"
959010,"23"
960001,"23"
796003,"7"
831003,"5"
832015,"24"
401035,"23"
834004,"5"
479001,"23"
959018,"23"
991013,"4"
438017,"23"
956013,"4"
1012021,"23"
1010004,"5"
959015,"23"
796005,"7"
438003,"23"
438002,"23"
959024,"13"
458007,"23"
466034,"23"
828004,"5"
1009017,"2"
833007,"24"
959014,"14"
797002,"6"
438018,"23"
466003,"23"
832017,"5"
832018,"5"
834003,"5"
832019,"5"
959028,"23"
959011,"14"
830022,"5"
401066,"23"
466048,"23"
380005,"16"
959020,"23"
802003,"7"
379004,"16"
833008,"5"
766005,"7"
765006,"7"
1009018,"6"
458004,"23"
380006,"16"
466026,"23"
959023,"23"
441003,"23"
797003,"6"
833004,"24"
855001,"7"
959025,"14"
1018003,"6"
441001,"23"
959022,"13"
833010,"5"
466043,"23"
466012,"23"
991014,"16"
1015018,"6"
458005,"23"
797004,"6"
833011,"5"
959012,"13"
1011002,"6"
466058,"23"
1010005,"6"
796004,"7"
381002,"4"
459003,"23"
855002,"16"
765007,"7"
959027,"23"
441007,"23"
832021,"5"
458014,"23"
1011003,"2"
1011004,"2"
1011001,"7"
959026,"16"
836001,"6"
459004,"22"
832020,"5"
459005,"23"
466055,"23"
465002,"22"
458006,"23"
1012022,"4"
401050,"23"
441010,"23"
466047,"23"
465003,"23"
441008,"23"
956015,"4"
441006,"23"
466037,"23"
467001,"23"
438020,"23"
479002,"23"
466020,"23"
466024,"23"
459006,"23"
466054,"23"
401055,"23"
460003,"23"
441017,"23"
401047,"23"
466023,"23"
471001,"23"
466032,"23"
438004,"23"
459007,"23"
441011,"23"
441014,"4"
956017,"4"
459008,"23"
441009,"23"
955037,"23"
458008,"23"
401067,"23"
441023,"4"
466045,"23"
466033,"23"
466041,"23"
466016,"23"
466044,"23"
466039,"23"
466014,"23"
956019,"4"
467004,"23"
441026,"4"
438005,"23"
401046,"23"
466035,"23"
441004,"23"
470032,"23"
401064,"23"
441027,"4"
466021,"23"
441018,"4"
401059,"23"
467003,"23"
401070,"23"
466053,"23"
956018,"4"
956016,"23"
440002,"23"
466050,"23"
401063,"23"
458010,"23"
957018,"4"
458009,"23"
466060,"23"
401071,"23"
468004,"23"
466059,"23"
467008,"23"
441028,"16"
441019,"23"
467005,"23"
467007,"23"
441016,"23"
466027,"23"
479006,"23"
458017,"23"
438006,"23"
468003,"23"
470034,"23"
479040,"23"
458016,"23"
401051,"23"
401083,"23"
458015,"23"
468001,"23"
465004,"23"
441037,"16"
460002,"23"
468008,"23"
956021,"13"
461012,"23"
467002,"23"
441012,"23"
466046,"23"
956020,"4"
468002,"23"
467009,"23"
401086,"4"
441022,"23"
460004,"23"
458018,"23"
401069,"23"
467006,"23"
468012,"23"
468007,"23"
458012,"23"
479009,"23"
466063,"23"
383005,"4"
458011,"23"
401095,"23"
401075,"23"
468011,"23"
462001,"23"
441021,"23"
472017,"23"
401076,"23"
466052,"23"
479003,"23"
468005,"23"
479004,"23"
470038,"23"
401098,"23"
481001,"23"
466049,"23"
401096,"23"
956022,"4"
461001,"23"
956024,"13"
468018,"23"
441033,"23"
466064,"23"
441039,"4"
956023,"4"
441030,"23"
468009,"23"
468013,"23"
401097,"23"
401102,"23"
401081,"23"
460001,"23"
401092,"23"
441020,"23"
461009,"23"
468020,"23"
466062,"23"
468006,"23"
461013,"23"
479008,"23"
469001,"23"
440006,"23"
441031,"23"
472024,"23"
441024,"23"
956028,"22"
479005,"23"
401073,"23"
401078,"23"
471002,"23"
472004,"23"
472001,"23"
441034,"23"
472002,"23"
479013,"23"
472007,"23"
461010,"23"
956026,"22"
468014,"23"
472020,"23"
468016,"17"
469004,"23"
468021,"23"
479010,"23"
401087,"23"
441029,"23"
469002,"23"
401077,"23"
440007,"23"
461002,"23"
464001,"23"
468019,"23"
461003,"23"
461011,"23"
472026,"23"
441038,"16"
401100,"23"
468010,"23"
464018,"23"
470039,"23"
401110,"23"
468023,"23"
956025,"4"
471004,"23"
467010,"23"
468029,"23"
383003,"16"
472027,"23"
441040,"23"
472021,"23"
956027,"4"
468015,"23"
479014,"23"
468025,"23"
955041,"23"
461007,"23"
472018,"23"
464003,"23"
955042,"4"
468024,"23"
468028,"23"
478015,"23"
471007,"23"
468017,"23"
461004,"23"
441042,"23"
415005,"23"
472022,"23"
461014,"23"
440009,"23"
461005,"23"
401106,"23"
441036,"23"
464006,"23"
468036,"23"
479018,"23"
468026,"23"
468037,"23"
421007,"23"
421001,"23"
464005,"23"
471009,"23"
479017,"23"
472014,"23"
464002,"23"
472010,"23"
461008,"23"
472030,"23"
479021,"23"
461006,"23"
472005,"23"
401125,"23"
472032,"23"
484001,"23"
464008,"23"
464007,"23"
472019,"23"
478013,"23"
472015,"23"
472003,"23"
401121,"23"
468033,"23"
472009,"23"
479020,"23"
472006,"23"
468030,"23"
468031,"23"
464019,"23"
401130,"23"
461015,"23"
472008,"23"
471008,"23"
468027,"23"
461016,"23"
471011,"23"
472011,"23"
464010,"23"
472031,"23"
468032,"23"
479025,"23"
464011,"23"
463003,"23"
463001,"23"
473003,"23"
407007,"4"
464004,"23"
401140,"23"
473001,"23"
407005,"4"
472023,"23"
484002,"23"
401141,"23"
401137,"23"
463010,"23"
463006,"23"
463015,"23"
463005,"23"
479022,"23"
468034,"23"
500001,"23"
481003,"23"
472025,"23"
479024,"23"
471003,"23"
463002,"23"
485002,"23"
500003,"23"
464013,"23"
472013,"23"
471014,"23"
463007,"23"
485003,"23"
408002,"4"
471010,"23"
479028,"23"
471013,"23"
484004,"23"
479029,"23"
485001,"23"
463009,"23"
472029,"23"
484005,"23"
464012,"23"
474010,"23"
484007,"23"
478018,"23"
471005,"23"
473002,"23"
484006,"23"
479027,"23"
485006,"23"
484011,"23"
500005,"23"
468038,"23"
463011,"23"
479031,"23"
479033,"23"
479026,"23"
481004,"23"
472028,"23"
463013,"23"
463012,"23"
479035,"23"
484008,"23"
484010,"23"
481006,"23"
468039,"23"
481005,"23"
419002,"23"
481010,"23"
479034,"23"
484013,"23"
485008,"23"
481007,"23"
463014,"23"
481008,"23"
484009,"23"
485011,"23"
485010,"23"
484016,"23"
475001,"23"
485009,"23"
485005,"23"
408006,"16"
500015,"23"
464021,"22"
464020,"23"
485004,"23"
471015,"23"
484012,"23"
481013,"23"
475004,"23"
484017,"23"
479036,"23"
484014,"23"
484020,"23"
481011,"23"
474022,"23"
500011,"23"
474024,"23"
464022,"23"
464024,"23"
485007,"23"
484018,"23"
474021,"23"
539001,"23"
479032,"23"
481009,"23"
484019,"23"
471012,"23"
464023,"23"
474020,"23"
484015,"23"
486004,"23"
500014,"23"
481012,"23"
500010,"23"
408010,"4"
487001,"23"
487006,"23"
500006,"23"
485013,"23"
500008,"23"
464016,"23"
487005,"23"
408011,"23"
501002,"16"
487007,"23"
491001,"23"
408007,"23"
418006,"23"
418007,"23"
500012,"23"
486002,"23"
500013,"23"
408012,"23"
485015,"23"
485012,"23"
475006,"23"
501001,"23"
418009,"23"
471021,"23"
418008,"23"
487009,"23"
486001,"23"
501004,"16"
418012,"23"
501003,"16"
491002,"23"
487002,"23"
464017,"23"
479037,"23"
486003,"23"
487003,"23"
487004,"23"
479038,"23"
486007,"23"
408014,"16"
486009,"23"
486005,"23"
491003,"23"
475008,"23"
491005,"23"
485014,"23"
485018,"23"
418011,"23"
500016,"23"
486006,"23"
501006,"23"
540001,"23"
482001,"23"
486011,"23"
486010,"23"
485019,"23"
501005,"16"
475007,"23"
501009,"23"
500017,"23"
485017,"23"
501007,"23"
485016,"23"
487013,"23"
475002,"23"
486008,"23"
418021,"23"
418020,"23"
501011,"23"
471019,"23"
487008,"23"
491004,"23"
501010,"23"
539003,"23"
500018,"23"
487016,"23"
471018,"23"
488001,"23"
501012,"23"
486013,"23"
487012,"23"
491006,"23"
491008,"23"
487011,"23"
408016,"23"
488002,"23"
491009,"23"
487014,"23"
408018,"4"
501008,"23"
487017,"23"
471020,"23"
482002,"23"
491007,"23"
486012,"23"
539004,"23"
418023,"23"
486014,"23"
540002,"23"
482003,"23"
408017,"23"
486016,"23"
487015,"23"
491010,"23"
475010,"23"
479039,"23"
487018,"23"
476001,"23"
539005,"23"
486022,"23"
540003,"23"
486023,"23"
486017,"23"
491011,"23"
474013,"23"
486019,"23"
487010,"23"
475003,"23"
486015,"23"
493001,"23"
491016,"23"
488003,"23"
487020,"23"
486018,"23"
487021,"23"
491012,"23"
487019,"23"
408020,"23"
408019,"23"
486024,"23"
491013,"23"
491019,"23"
539006,"23"
487022,"23"
408021,"23"
500019,"23"
491014,"23"
486020,"23"
501013,"23"
489001,"23"
491017,"23"
491015,"23"
489002,"23"
474016,"23"
475021,"23"
475019,"23"
488004,"23"
475005,"23"
486021,"23"
539008,"23"
487023,"23"
486025,"23"
500020,"23"
491020,"23"
501014,"23"
475012,"23"
491018,"23"
493002,"23"
500022,"23"
540004,"23"
475009,"23"
489003,"23"
418027,"23"
486026,"23"
500021,"23"
540005,"23"
491021,"23"
418028,"23"
475011,"23"
482004,"23"
475015,"23"
486027,"23"
534003,"23"
534002,"23"
534001,"23"
492001,"23"
489005,"23"
489004,"23"
475017,"23"
501015,"23"
534004,"23"
492002,"23"
475013,"23"
490001,"23"
492003,"23"
493003,"23"
501016,"23"
475023,"23"
489006,"23"
474018,"23"
500026,"23"
502001,"23"
475025,"23"
486028,"23"
490002,"23"
475022,"23"
493004,"23"
500024,"23"
492005,"23"
540099,"23"
492004,"23"
490003,"23"
540100,"23"
475016,"23"
477004,"23"
500028,"23"
488005,"23"
493005,"23"
500027,"23"
486029,"23"
540098,"23"
477003,"23"
489007,"23"
475020,"23"
540101,"23"
521009,"23"
475018,"23"
500030,"23"
540007,"23"
486030,"23"
425044,"23"
500023,"23"
492007,"23"
490004,"23"
475014,"23"
532001,"23"
490006,"23"
503002,"23"
503001,"23"
490005,"23"
418030,"23"
503003,"23"
488007,"23"
502003,"23"
477002,"23"
502002,"23"
488006,"23"
540102,"23"
540103,"23"
492006,"23"
490007,"23"
489008,"23"
500029,"23"
540113,"23"
540008,"23"
490008,"23"
540105,"23"
477001,"23"
503005,"23"
500025,"23"
540009,"23"
540104,"23"
411011,"23"
492008,"23"
502005,"23"
540016,"23"
482007,"23"
493006,"23"
503004,"23"
502007,"23"
492009,"23"
534005,"23"
503007,"23"
540112,"23"
502006,"23"
488008,"23"
502010,"23"
500031,"23"
424002,"23"
540114,"23"
502004,"23"
533001,"23"
540106,"23"
425046,"23"
540110,"23"
489014,"23"
503006,"23"
540116,"23"
493007,"23"
493008,"23"
540010,"23"
503008,"23"
489019,"23"
540024,"23"
489009,"23"
540017,"13"
482008,"23"
489016,"23"
540111,"23"
502009,"23"
534008,"23"
540107,"23"
502011,"23"
540094,"23"
503009,"23"
540027,"23"
482010,"23"
540115,"23"
540109,"23"
521003,"22"
502008,"23"
489011,"23"
535001,"23"
488009,"23"
489015,"23"
540014,"23"
503010,"23"
409008,"23"
502013,"23"
489012,"23"
540096,"23"
540011,"23"
537001,"23"
536004,"23"
540012,"23"
540029,"23"
522019,"23"
482009,"23"
425002,"23"
540028,"23"
488010,"23"
540021,"13"
540095,"13"
500032,"23"
411003,"23"
489010,"23"
522018,"23"
489018,"23"
540019,"23"
424003,"23"
540033,"23"
493009,"23"
540030,"23"
494001,"23"
536003,"23"
503014,"23"
503011,"23"
489013,"23"
425001,"23"
536001,"23"
493010,"23"
502012,"23"
410002,"23"
534009,"23"
489017,"23"
540020,"13"
534010,"23"
522020,"23"
411005,"23"
521004,"22"
503019,"23"
503012,"16"
489020,"23"
503018,"23"
502017,"23"
488011,"23"
540018,"23"
502014,"23"
488013,"23"
540015,"23"
540036,"23"
540025,"23"
540034,"23"
488012,"23"
540043,"23"
502015,"23"
482013,"23"
540023,"23"
411012,"23"
503013,"16"
540037,"23"
522021,"23"
482023,"23"
489024,"23"
540048,"23"
500033,"16"
503015,"16"
489021,"23"
489022,"23"
536010,"23"
503017,"23"
540046,"23"
503021,"23"
488014,"23"
482014,"23"
540035,"23"
502016,"23"
489023,"23"
523001,"23"
489025,"23"
503023,"23"
424005,"23"
522022,"23"
411007,"23"
540022,"23"
412001,"23"
482025,"23"
500035,"16"
425049,"23"
536006,"23"
537003,"23"
424006,"23"
500034,"23"
540031,"23"
502018,"23"
536011,"23"
540042,"23"
536007,"23"
493011,"23"
503030,"23"
536002,"23"
540052,"23"
482019,"4"
411006,"23"
540051,"23"
540038,"23"
536009,"23"
540044,"23"
521005,"23"
523006,"23"
523002,"23"
488015,"23"
503022,"23"
522001,"23"
540032,"23"
503016,"16"
502021,"23"
522003,"23"
502020,"23"
540039,"23"
424007,"23"
488016,"23"
426004,"23"
536005,"23"
537002,"23"
504032,"23"
502022,"23"
482015,"23"
523003,"23"
482018,"23"
488017,"23"
425007,"4"
494002,"23"
537004,"23"
536013,"23"
503029,"23"
522023,"23"
523009,"23"
540040,"23"
482017,"23"
540050,"23"
540058,"23"
540041,"23"
503038,"23"
502019,"23"
482024,"23"
494003,"23"
522002,"23"
522005,"23"
425003,"23"
536012,"23"
503027,"23"
411013,"23"
536008,"23"
523004,"23"
540049,"23"
503025,"23"
523007,"23"
540060,"23"
504033,"23"
411008,"23"
482020,"23"
522006,"23"
540057,"23"
522004,"23"
502024,"23"
503039,"23"
540055,"13"
505001,"23"
541001,"23"
502027,"23"
495001,"23"
413010,"23"
500037,"16"
503020,"23"
540062,"23"
494004,"23"
540047,"23"
503031,"23"
426006,"23"
523013,"23"
540045,"23"
500038,"23"
523016,"23"
540054,"23"
522008,"23"
505002,"23"
523008,"23"
523019,"23"
488018,"23"
523018,"23"
503028,"23"
493012,"23"
502026,"23"
540059,"23"
523005,"23"
537005,"23"
523010,"23"
503044,"23"
425008,"4"
494005,"23"
524001,"23"
540063,"23"
503024,"23"
502028,"23"
523011,"23"
541002,"23"
504035,"23"
540064,"23"
493013,"23"
503034,"23"
505003,"23"
538001,"23"
522009,"23"
522007,"23"
494006,"23"
523022,"23"
523020,"23"
482026,"23"
540056,"23"
503026,"16"
524002,"23"
502025,"23"
503036,"23"
522010,"23"
523024,"23"
540069,"23"
540053,"23"
522014,"23"
523014,"23"
540071,"23"
503041,"23"
503043,"23"
522011,"23"
425009,"4"
540070,"23"
482021,"4"
523012,"23"
505004,"16"
413011,"4"
504038,"23"
541007,"23"
495002,"23"
503035,"16"
425006,"23"
540061,"23"
523015,"23"
426008,"23"
502029,"23"
540065,"23"
482029,"4"
522013,"23"
495003,"23"
493014,"23"
516001,"23"
541009,"23"
523023,"23"
522012,"23"
550003,"23"
521006,"23"
505006,"23"
482027,"23"
541004,"13"
502030,"23"
503033,"16"
503040,"23"
504034,"16"
425013,"4"
550004,"14"
550006,"15"
536015,"23"
524004,"23"
494007,"23"
482030,"23"
525001,"23"
494008,"23"
540074,"23"
523025,"23"
502032,"23"
540067,"23"
482031,"23"
503037,"16"
493015,"23"
524003,"23"
503042,"23"
505007,"23"
505008,"23"
522016,"23"
541003,"23"
541006,"13"
495004,"23"
426013,"23"
502031,"23"
541012,"23"
496001,"23"
504036,"23"
507027,"23"
541008,"23"
521007,"23"
505010,"23"
495005,"23"
523017,"23"
482028,"23"
541005,"23"
523027,"23"
516004,"23"
423028,"4"
540066,"23"
540072,"23"
495007,"23"
495008,"23"
496018,"23"
541010,"23"
522015,"23"
505005,"23"
550008,"23"
516003,"22"
507026,"23"
525002,"23"
496002,"23"
413013,"23"
504007,"23"
540068,"23"
522017,"23"
504037,"23"
523028,"23"
506002,"23"
507025,"23"
523021,"23"
504039,"23"
504042,"23"
540073,"23"
423021,"13"
483001,"4"
507028,"23"
505014,"23"
507029,"23"
425016,"23"
495006,"23"
550012,"23"
504001,"23"
540075,"23"
496003,"23"
504006,"16"
494009,"23"
505011,"23"
550010,"23"
495009,"23"
550014,"23"
541011,"13"
516005,"22"
425011,"23"
423022,"16"
483002,"23"
426015,"23"
425012,"23"
524005,"23"
504040,"23"
504004,"23"
542001,"13"
482032,"4"
496004,"23"
504041,"23"
541013,"13"
505012,"23"
505009,"23"
497001,"23"
498005,"23"
523026,"23"
483003,"23"
498001,"23"
504002,"23"
507031,"23"
425020,"23"
483006,"4"
526001,"23"
496006,"23"
540077,"23"
505013,"23"
423023,"16"
550018,"16"
506001,"23"
505015,"23"
504025,"23"
523030,"23"
504044,"23"
425014,"23"
525003,"23"
525004,"23"
495010,"23"
550015,"23"
516006,"23"
504020,"16"
497002,"23"
540076,"23"
496005,"23"
495011,"23"
506005,"23"
516007,"23"
523031,"23"
550017,"23"
504022,"16"
525006,"23"
425024,"23"
504046,"23"
504023,"16"
507030,"23"
483008,"23"
504043,"23"
504027,"23"
504019,"23"
425030,"13"
506003,"23"
540080,"23"
523029,"23"
540079,"23"
541015,"23"
516008,"23"
483011,"23"
498002,"23"
413001,"23"
507033,"23"
542002,"13"
483005,"23"
425032,"13"
495012,"23"
425028,"4"
504017,"16"
541016,"13"
523035,"23"
523032,"23"
506008,"23"
504024,"23"
507036,"23"
550016,"1"
507032,"23"
482022,"4"
540078,"23"
516009,"23"
523033,"23"
504026,"23"
527002,"23"
483010,"23"
550019,"23"
496007,"23"
528007,"23"
497003,"23"
483012,"4"
506009,"23"
507034,"23"
504045,"23"
528005,"23"
425027,"23"
504010,"23"
540081,"23"
528008,"23"
504005,"23"
504021,"23"
483009,"4"
507037,"23"
507011,"23"
496010,"23"
504014,"23"
516011,"23"
525007,"23"
542003,"13"
523037,"23"
525005,"23"
496008,"23"
516012,"23"
425019,"23"
504030,"23"
499001,"23"
506007,"23"
527001,"23"
523040,"23"
541014,"13"
504012,"23"
507035,"23"
516010,"23"
504031,"23"
499003,"23"
483007,"4"
541024,"23"
425022,"23"
496011,"23"
504029,"23"
507012,"23"
528010,"23"
507013,"23"
528011,"23"
541017,"1"
425034,"1"
523039,"23"
504015,"23"
496009,"23"
527003,"23"
541026,"23"
506006,"23"
528006,"23"
529001,"23"
499004,"23"
499002,"23"
413015,"23"
507038,"23"
506004,"23"
541018,"13"
540083,"13"
483031,"23"
523036,"23"
504008,"23"
483030,"4"
497006,"23"
497007,"23"
523038,"23"
413003,"23"
550021,"23"
541019,"1"
504028,"23"
523034,"23"
504011,"23"
528012,"23"
528013,"23"
528002,"23"
543002,"23"
528004,"23"
543004,"23"
425025,"23"
528014,"23"
541035,"23"
540082,"23"
506011,"23"
528003,"23"
541029,"23"
528001,"23"
504016,"23"
425023,"23"
425037,"1"
530002,"23"
425033,"4"
504013,"23"
516013,"23"
530001,"23"
425043,"13"
496012,"23"
528009,"23"
497004,"23"
540084,"4"
543001,"23"
504009,"23"
529002,"23"
413014,"2"
541028,"13"
508001,"23"
540086,"4"
413012,"23"
529003,"23"
527004,"23"
541020,"13"
530004,"23"
499007,"23"
525010,"23"
506010,"23"
540085,"23"
530007,"23"
496013,"23"
527005,"23"
541036,"23"
525008,"23"
483013,"4"
540087,"23"
504018,"23"
525009,"23"
497005,"23"
529004,"23"
516015,"23"
516014,"22"
543007,"1"
425036,"1"
483015,"23"
543003,"23"
543005,"23"
425039,"13"
544001,"23"
530003,"23"
544002,"23"
546001,"23"
525011,"23"
529005,"23"
541023,"1"
425041,"1"
425035,"13"
527007,"23"
483032,"4"
529006,"23"
516018,"23"
483016,"4"
497009,"23"
506012,"23"
541034,"23"
541032,"1"
413016,"23"
531009,"23"
542004,"13"
541021,"1"
541033,"1"
541040,"13"
543008,"23"
516019,"22"
499005,"23"
543006,"23"
546002,"13"
499006,"23"
530005,"23"
496014,"23"
531008,"23"
527006,"23"
541031,"1"
527008,"23"
531011,"23"
545001,"1"
541037,"1"
544003,"13"
545002,"1"
425042,"1"
541030,"23"
496016,"23"
496015,"23"
527009,"23"
482034,"23"
530006,"23"
531015,"23"
543009,"13"
425038,"23"
545004,"1"
546003,"13"
545003,"1"
499008,"23"
483034,"4"
531021,"23"
497008,"23"
413019,"23"
498004,"23"
529008,"22"
541025,"13"
498003,"23"
529007,"22"
541027,"1"
507023,"23"
540089,"13"
529009,"23"
541042,"1"
425040,"1"
527011,"23"
483018,"4"
531002,"23"
499009,"23"
543010,"13"
541046,"1"
483035,"23"
531022,"23"
499013,"23"
531018,"23"
545005,"13"
413017,"1"
540090,"13"
413021,"23"
483017,"16"
541043,"13"
531014,"23"
507006,"23"
507005,"23"
497011,"23"
507020,"23"
507010,"23"
541045,"13"
508002,"23"
507004,"23"
507009,"23"
541049,"13"
499011,"23"
527010,"23"
499010,"23"
507007,"23"
546005,"1"
516021,"22"
516020,"22"
529010,"23"
507019,"23"
507017,"23"
531004,"23"
540088,"4"
541039,"13"
507003,"23"
507015,"23"
543011,"18"
507021,"23"
531007,"23"
507001,"23"
531012,"23"
507018,"23"
541044,"1"
507014,"23"
507022,"23"
497010,"23"
517001,"23"
546004,"13"
531019,"23"
413002,"1"
540091,"19"
545006,"13"
540092,"19"
413023,"22"
507002,"23"
507016,"23"
499012,"23"
483019,"4"
531006,"23"
497012,"23"
519001,"22"
516023,"22"
531003,"23"
508004,"23"
531001,"23"
531017,"23"
531010,"23"
497013,"23"
517002,"23"
413004,"1"
507024,"23"
547010,"1"
508003,"23"
531005,"23"
507008,"23"
531016,"23"
509001,"23"
543012,"13"
413018,"23"
496017,"23"
541038,"19"
517005,"23"
541048,"13"
413005,"23"
516024,"23"
516026,"22"
541057,"13"
544007,"1"
544006,"1"
517003,"23"
519002,"22"
544005,"13"
541050,"13"
544004,"1"
497014,"23"
547001,"13"
541041,"19"
531020,"23"
499015,"23"
517007,"23"
531013,"23"
541056,"1"
483036,"4"
483022,"4"
544009,"13"
516028,"22"
517004,"23"
516025,"22"
499017,"23"
508005,"23"
516022,"22"
540093,"19"
544011,"13"
508006,"23"
519009,"23"
519012,"23"
519004,"23"
516030,"22"
541051,"13"
517010,"23"
499014,"23"
541058,"13"
544012,"1"
497016,"23"
544008,"13"
518001,"23"
519006,"23"
516027,"22"
519005,"23"
517006,"23"
519008,"23"
541054,"1"
519003,"23"
544010,"13"
497015,"23"
499016,"23"
541060,"13"
413020,"1"
541062,"13"
519007,"23"
517011,"12"
483023,"4"
541063,"13"
516031,"22"
541047,"19"
541053,"18"
508007,"23"
517009,"23"
518002,"23"
517013,"23"
497017,"23"
483024,"4"
509002,"23"
499018,"23"
541052,"19"
483021,"4"
499019,"23"
518004,"23"
509003,"23"
519014,"23"
508008,"23"
499020,"23"
516032,"22"
541064,"1"
517008,"16"
499021,"23"
541061,"23"
518006,"23"
519015,"23"
541065,"13"
541059,"18"
508011,"23"
546006,"1"
508010,"23"
547002,"1"
520001,"23"
541068,"13"
509004,"23"
518003,"23"
518005,"23"
508014,"23"
547004,"1"
519010,"23"
519016,"23"
508009,"23"
518007,"23"
548001,"13"
520003,"23"
483037,"4"
541055,"13"
508013,"23"
517014,"23"
541066,"13"
483026,"4"
483025,"4"
547003,"13"
516033,"22"
483027,"4"
508012,"23"
517012,"23"
519013,"23"
516034,"23"
520005,"23"
518009,"23"
541069,"23"
518008,"23"
519011,"23"
541067,"1"
518010,"23"
520006,"23"
517016,"23"
517015,"23"
518011,"23"
510001,"23"
520002,"23"
550025,"1"
518012,"23"
519017,"23"
551001,"15"
551002,"15"
516036,"23"
518013,"23"
518014,"23"
519019,"23"
547005,"13"
550026,"23"
520004,"23"
516037,"23"
547007,"1"
519020,"23"
518015,"23"
413022,"22"
518016,"23"
547006,"1"
519018,"23"
520007,"23"
413006,"4"
519021,"23"
519022,"23"
551008,"15"
413024,"22"
413026,"4"
413025,"1"
518017,"23"
547008,"1"
516053,"23"
510004,"23"
550027,"1"
551010,"1"
516038,"23"
546007,"1"
511001,"23"
512001,"23"
510003,"23"
518018,"23"
519024,"23"
508017,"23"
510006,"23"
510007,"23"
547009,"15"
413007,"23"
551007,"1"
519023,"23"
551005,"4"
516039,"23"
551013,"1"
547011,"1"
516040,"23"
552003,"1"
552005,"15"
516041,"23"
516042,"23"
551009,"15"
551016,"1"
511004,"23"
510005,"23"
551011,"15"
516043,"23"
516046,"23"
552009,"15"
516044,"23"
511005,"23"
516045,"23"
551018,"1"
550028,"1"
551012,"15"
513001,"23"
510008,"23"
516048,"23"
551014,"15"
552002,"1"
413009,"1"
516047,"23"
552006,"1"
413008,"1"
512003,"23"
549002,"1"
551015,"13"
511006,"23"
549001,"13"
551017,"13"
551022,"1"
552011,"15"
516056,"23"
513002,"23"
552007,"1"
513003,"23"
552001,"15"
552008,"1"
512002,"23"
512004,"23"
552004,"15"
551023,"15"
510010,"23"
551019,"13"
551020,"15"
513004,"23"
551027,"1"
551026,"1"
553006,"15"
549003,"13"
555001,"13"
554001,"1"
549004,"1"
555011,"13"
552012,"1"
556001,"23"
516051,"23"
551021,"15"
510009,"23"
555012,"15"
553005,"15"
551028,"1"
551024,"13"
513005,"23"
551025,"13"
553003,"15"
552010,"15"
513006,"23"
556002,"15"
555002,"15"
555013,"1"
556003,"15"
553009,"15"
553001,"15"
555014,"13"
553013,"15"
513007,"23"
553011,"15"
514001,"23"
553004,"15"
516052,"23"
557001,"15"
510011,"23"
556006,"1"
510013,"23"
556004,"15"
553002,"15"
558001,"1"
555004,"13"
555017,"13"
555015,"1"
553018,"15"
516059,"23"
513009,"23"
553010,"15"
554002,"15"
555003,"13"
556005,"15"
557002,"1"
553007,"15"
513008,"23"
553016,"15"
556009,"1"
553012,"15"
557003,"15"
559001,"15"
553022,"15"
558002,"15"
556007,"15"
553008,"15"
558003,"3"
516055,"23"
556008,"15"
555006,"1"
551029,"15"
556010,"15"
553015,"15"
516057,"23"
556012,"15"
514003,"23"
514002,"23"
513010,"23"
553024,"15"
555007,"1"
561001,"15"
556011,"15"
514005,"23"
558004,"15"
557004,"15"
553017,"15"
553021,"15"
553019,"15"
556014,"15"
553014,"15"
513012,"23"
553020,"15"
555008,"1"
553023,"15"
553026,"15"
555010,"1"
514007,"22"
513011,"23"
558007,"15"
516063,"23"
555009,"1"
513013,"23"
553025,"15"
553027,"15"
562002,"15"
514006,"22"
514004,"23"
556013,"15"
558005,"15"
553028,"15"
562001,"15"
558008,"15"
561002,"15"
556015,"15"
516061,"23"
516058,"23"
514008,"23"
556016,"13"
558006,"15"
516064,"23"
515002,"23"
562003,"15"
516066,"23"
560001,"15"
516068,"23"
516067,"23"
516065,"23"
515001,"22"
563001,"15"
516060,"23"
516070,"23"
515003,"23"
560002,"15"
515004,"23"
560003,"15"
516072,"23"
516062,"23"
558009,"15"
516071,"23"
558010,"13"
564001,"15"
516069,"23"
557005,"15"
560004,"15"
558011,"15"
564002,"15"
564004,"15"
564005,"15"
564003,"15"
516073,"23"
560005,"15"
557006,"15"
564006,"15"
560006,"15"
565001,"15"
557007,"15"
565002,"15"
564007,"15"
560007,"15"
566001,"15"
567001,"15"
564008,"15"
564009,"15"
566002,"15"
566003,"15"
565003,"15"
557009,"15"
557008,"15"
567003,"15"
566004,"15"
567002,"15"
568001,"15"
567006,"15"
569001,"15"
567007,"15"
567004,"15"
567005,"15"
564010,"15"
565004,"15"
568003,"15"
568002,"15"
564011,"15"
569002,"15"
569004,"15"
569003,"15"
565005,"15"
564012,"15"
568004,"15"
569005,"15"
567008,"15"
565006,"15"
564013,"15"
570001,"15"
565008,"15"
569006,"15"
565012,"15"
568005,"15"
568006,"15"
565011,"15"
569007,"15"
565009,"15"
569009,"15"
571001,"15"
565010,"15"
569008,"15"
565007,"15"
568007,"15"
568008,"15"
568009,"15"
569010,"15"
568010,"15"
565013,"15"
565016,"15"
565014,"15"
565015,"15"
568011,"15"
565017,"15"
571002,"15"
571003,"15"
570002,"15"
565019,"13"
571004,"15"
570004,"15"
570003,"15"
565018,"15"
570005,"15"
565020,"13"
565022,"13"
565021,"15"
570006,"13"
565023,"15"
565024,"13"
570007,"13"
565025,"15"
570008,"13"
570009,"13"
570010,"15"
572001,"15"
572003,"15"
572002,"15"
572004,"15"
572006,"15"
572005,"15"
